user_id,dest_id,orig,dest,dest_reg,freq
38,23,EWR,PVG,ASIA,7
32,5,IAD,DEN,Snow,3
62,28,SFO,EZE,LAT,13
7,11,IAH,RSW,Sun,8
20,31,DEN,BOG,LAT,4
83,7,IAH,EWR,East,3
38,3,LAX,SFO,West,1
94,26,DEN,TPE,ASIA,5
40,9,SFO,TPA,Sun,2
97,20,SFO,ICN,ASIA,7
48,32,IAD,SCL,LAT,4
52,11,LAX,RSW,Sun,3
32,19,SFO,BHM,EURO,8
67,25,SFO,PEK,ASIA,6
78,18,LAX,FRA,EURO,8
87,31,EWR,BOG,LAT,12
53,19,ORD,BHM,EURO,9
43,29,LAX,GRU,LAT,7
4,23,SFO,PVG,ASIA,9
79,30,EWR,GIG,LAT,5
67,5,IAH,DEN,Snow,3
90,18,SFO,FRA,EURO,7
80,28,ORD,EZE,LAT,6
25,17,EWR,MUC,EURO,5
36,33,SFO,TGU,LAT,7
62,23,LAX,PVG,ASIA,6
89,22,DEN,KIX,ASIA,4
83,7,SFO,EWR,East,3
91,19,IAD,BHM,EURO,8
53,33,LAX,TGU,LAT,7
93,10,EWR,MIA,Sun,14
49,1,EWR,ORD,Midwest,3
4,32,IAH,SCL,LAT,12
62,3,IAD,SFO,West,1
94,6,LAX,IAD,East,3
55,25,EWR,PEK,ASIA,7
22,11,IAH,RSW,Sun,7
49,22,DEN,KIX,ASIA,10
53,11,IAH,RSW,Sun,7
24,4,IAD,IAH,Sun,6
3,15,ORD,DUB,EURO,9
28,18,IAD,FRA,EURO,8
92,15,ORD,DUB,EURO,5
89,31,EWR,BOG,LAT,11
51,8,LAX,MCO,Sun,5
68,5,IAH,DEN,Snow,3
63,7,EWR,EWR,East,1
65,26,IAH,TPE,ASIA,7
85,16,EWR,BRU,EURO,3
28,34,EWR,MEX,LAT,3
40,6,LAX,IAD,East,3
88,20,ORD,ICN,ASIA,8
44,23,SFO,PVG,ASIA,8
57,25,IAD,PEK,ASIA,7
98,21,ORD,NRT,ASIA,16
22,31,ORD,BOG,LAT,2
48,4,DEN,IAH,Sun,4
44,18,SFO,FRA,EURO,8
54,14,LAX,AMS,EURO,7
30,24,ORD,HKG,ASIA,9
70,1,LAX,ORD,Midwest,1
18,27,IAH,SIN,ASIA,4
75,16,LAX,BRU,EURO,7
41,33,IAD,TGU,LAT,10
18,3,IAD,SFO,West,3
74,21,LAX,NRT,ASIA,8
31,3,ORD,SFO,West,1
17,16,DEN,BRU,EURO,6
66,3,DEN,SFO,West,2
2,33,IAH,TGU,LAT,14
64,12,DEN,LHR,EURO,5
28,15,IAH,DUB,EURO,8
32,2,EWR,LAX,Sun,8
8,17,DEN,MUC,EURO,11
82,27,LAX,SIN,ASIA,10
68,29,ORD,GRU,LAT,11
28,5,ORD,DEN,Snow,2
95,2,SFO,LAX,Sun,4
49,9,EWR,TPA,Sun,9
98,27,SFO,SIN,ASIA,16
72,32,DEN,SCL,LAT,4
51,28,EWR,EZE,LAT,7
17,6,IAH,IAD,East,3
80,2,ORD,LAX,Sun,7
69,14,IAD,AMS,EURO,10
75,14,SFO,AMS,EURO,7
84,12,LAX,LHR,EURO,7
89,23,IAD,PVG,ASIA,4
39,10,SFO,MIA,Sun,7
1,22,IAD,KIX,ASIA,6
45,21,SFO,NRT,ASIA,9
34,17,IAH,MUC,EURO,5
58,5,IAD,DEN,Snow,1
42,3,ORD,SFO,West,1
61,32,LAX,SCL,LAT,8
96,32,DEN,SCL,LAT,6
73,10,IAH,MIA,Sun,6
75,21,LAX,NRT,ASIA,15
88,9,SFO,TPA,Sun,3
62,31,IAD,BOG,LAT,13
12,4,IAH,IAH,Sun,5
42,29,LAX,GRU,LAT,4
9,5,LAX,DEN,Snow,1
60,32,SFO,SCL,LAT,7
39,13,LAX,CVG,EURO,10
36,13,DEN,CVG,EURO,8
48,1,LAX,ORD,Midwest,1
74,23,LAX,PVG,ASIA,8
94,18,EWR,FRA,EURO,3
43,11,IAD,RSW,Sun,3
51,6,SFO,IAD,East,1
42,16,IAD,BRU,EURO,5
38,33,SFO,TGU,LAT,4
85,9,IAD,TPA,Sun,3
92,28,SFO,EZE,LAT,10
4,21,DEN,NRT,ASIA,9
41,1,SFO,ORD,Midwest,3
87,23,IAH,PVG,ASIA,6
96,14,LAX,AMS,EURO,5
65,31,ORD,BOG,LAT,10
74,28,IAH,EZE,LAT,6
16,30,SFO,GIG,LAT,9
63,11,ORD,RSW,Sun,6
30,32,IAD,SCL,LAT,3
71,21,DEN,NRT,ASIA,6
43,8,EWR,MCO,Sun,3
97,30,IAD,GIG,LAT,5
34,17,EWR,MUC,EURO,5
7,14,DEN,AMS,EURO,14
73,5,SFO,DEN,Snow,1
50,7,EWR,EWR,East,1
51,8,LAX,MCO,Sun,5
75,5,IAH,DEN,Snow,3
53,12,IAD,LHR,EURO,9
45,8,EWR,MCO,Sun,3
40,16,LAX,BRU,EURO,16
54,9,DEN,TPA,Sun,4
71,31,ORD,BOG,LAT,7
62,16,IAH,BRU,EURO,11
49,22,SFO,KIX,ASIA,10
57,22,EWR,KIX,ASIA,7
24,15,IAD,DUB,EURO,2
58,24,IAH,HKG,ASIA,8
77,2,EWR,LAX,Sun,3
50,20,DEN,ICN,ASIA,9
73,21,LAX,NRT,ASIA,6
42,1,IAD,ORD,Midwest,2
84,21,ORD,NRT,ASIA,11
33,28,IAH,EZE,LAT,6
69,21,IAH,NRT,ASIA,12
2,30,ORD,GIG,LAT,14
23,9,IAH,TPA,Sun,7
57,1,ORD,ORD,Midwest,2
26,26,ORD,TPE,ASIA,8
39,29,EWR,GRU,LAT,4
69,20,ORD,ICN,ASIA,12
44,4,LAX,IAH,Sun,5
95,32,IAH,SCL,LAT,5
8,30,ORD,GIG,LAT,6
73,8,EWR,MCO,Sun,6
93,2,IAH,LAX,Sun,14
55,10,IAD,MIA,Sun,5
72,19,DEN,BHM,EURO,6
61,10,ORD,MIA,Sun,5
89,28,DEN,EZE,LAT,11
84,5,ORD,DEN,Snow,1
30,16,EWR,BRU,EURO,9
25,2,ORD,LAX,Sun,4
55,15,DEN,DUB,EURO,12
62,12,SFO,LHR,EURO,11
61,33,IAD,TGU,LAT,8
72,8,IAD,MCO,Sun,2
76,24,DEN,HKG,ASIA,6
46,33,ORD,TGU,LAT,8
53,17,DEN,MUC,EURO,9
54,23,IAH,PVG,ASIA,11
1,5,ORD,DEN,Snow,2
79,22,IAD,KIX,ASIA,5
13,29,DEN,GRU,LAT,5
10,2,DEN,LAX,Sun,3
43,33,IAH,TGU,LAT,7
17,31,ORD,BOG,LAT,7
81,4,IAD,IAH,Sun,8
61,22,EWR,KIX,ASIA,7
26,28,LAX,EZE,LAT,6
85,7,LAX,EWR,East,2
48,3,IAD,SFO,West,1
56,31,EWR,BOG,LAT,6
93,33,ORD,TGU,LAT,5
63,5,SFO,DEN,Snow,4
73,19,IAH,BHM,EURO,8
9,32,IAH,SCL,LAT,10
58,22,DEN,KIX,ASIA,8
59,31,ORD,BOG,LAT,7
79,3,ORD,SFO,West,2
73,34,LAX,MEX,LAT,5
66,7,IAH,EWR,East,3
3,4,EWR,IAH,Sun,4
73,32,LAX,SCL,LAT,5
66,31,IAH,BOG,LAT,9
2,14,ORD,AMS,EURO,4
58,14,LAX,AMS,EURO,2
11,27,EWR,SIN,ASIA,7
81,9,EWR,TPA,Sun,8
8,31,SFO,BOG,LAT,6
14,16,IAH,BRU,EURO,13
70,26,EWR,TPE,ASIA,9
28,12,IAH,LHR,EURO,8
6,8,LAX,MCO,Sun,6
80,23,IAH,PVG,ASIA,10
68,32,EWR,SCL,LAT,11
98,15,EWR,DUB,EURO,10
83,12,LAX,LHR,EURO,7
39,25,IAH,PEK,ASIA,11
76,11,LAX,RSW,Sun,5
83,27,ORD,SIN,ASIA,6
81,19,IAH,BHM,EURO,9
28,32,IAH,SCL,LAT,3
90,8,LAX,MCO,Sun,3
62,13,DEN,CVG,EURO,11
15,30,IAH,GIG,LAT,6
15,8,IAH,MCO,Sun,4
54,11,SFO,RSW,Sun,4
90,15,IAH,DUB,EURO,7
67,33,ORD,TGU,LAT,8
71,16,IAH,BRU,EURO,6
69,27,DEN,SIN,ASIA,12
8,6,EWR,IAD,East,3
97,11,SFO,RSW,Sun,2
48,12,EWR,LHR,EURO,10
73,12,DEN,LHR,EURO,8
69,24,LAX,HKG,ASIA,12
59,9,IAD,TPA,Sun,4
32,33,DEN,TGU,LAT,6
64,24,EWR,HKG,ASIA,4
94,30,LAX,GIG,LAT,8
77,1,ORD,ORD,Midwest,2
75,16,ORD,BRU,EURO,7
4,5,LAX,DEN,Snow,1
32,2,IAH,LAX,Sun,8
9,16,ORD,BRU,EURO,16
24,4,DEN,IAH,Sun,6
1,34,IAD,MEX,LAT,7
23,4,ORD,IAH,Sun,7
19,10,EWR,MIA,Sun,11
13,5,EWR,DEN,Snow,2
63,8,LAX,MCO,Sun,6
7,23,IAH,PVG,ASIA,5
52,13,LAX,CVG,EURO,8
97,26,ORD,TPE,ASIA,7
29,12,SFO,LHR,EURO,7
71,28,DEN,EZE,LAT,7
69,17,DEN,MUC,EURO,10
98,17,EWR,MUC,EURO,10
54,13,DEN,CVG,EURO,7
85,24,ORD,HKG,ASIA,7
19,24,IAD,HKG,ASIA,8
7,1,SFO,ORD,Midwest,1
5,6,SFO,IAD,East,2
32,4,IAH,IAH,Sun,8
25,8,IAH,MCO,Sun,4
82,25,LAX,PEK,ASIA,10
49,20,SFO,ICN,ASIA,10
30,14,SFO,AMS,EURO,9
15,33,ORD,TGU,LAT,6
64,24,ORD,HKG,ASIA,4
52,1,LAX,ORD,Midwest,2
68,22,ORD,KIX,ASIA,8
44,22,EWR,KIX,ASIA,8
86,20,IAD,ICN,ASIA,8
37,5,DEN,DEN,Snow,1
73,17,ORD,MUC,EURO,8
97,33,EWR,TGU,LAT,5
36,24,EWR,HKG,ASIA,11
60,25,EWR,PEK,ASIA,4
71,18,DEN,FRA,EURO,6
49,9,ORD,TPA,Sun,9
42,25,LAX,PEK,ASIA,10
68,3,IAD,SFO,West,1
60,13,DEN,CVG,EURO,9
23,24,DEN,HKG,ASIA,7
6,13,LAX,CVG,EURO,3
74,29,LAX,GRU,LAT,6
15,21,DEN,NRT,ASIA,4
26,8,DEN,MCO,Sun,7
2,34,IAD,MEX,LAT,14
15,16,IAD,BRU,EURO,5
68,34,EWR,MEX,LAT,11
43,29,IAH,GRU,LAT,7
80,6,ORD,IAD,East,3
36,25,SFO,PEK,ASIA,11
38,4,SFO,IAH,Sun,5
96,17,ORD,MUC,EURO,5
30,11,IAH,RSW,Sun,11
7,15,DEN,DUB,EURO,14
51,2,DEN,LAX,Sun,5
81,33,EWR,TGU,LAT,6
96,33,ORD,TGU,LAT,6
32,3,IAH,SFO,West,1
25,21,ORD,NRT,ASIA,12
32,20,IAD,ICN,ASIA,5
25,17,ORD,MUC,EURO,5
20,19,LAX,BHM,EURO,9
29,30,LAX,GIG,LAT,7
23,16,ORD,BRU,EURO,9
74,29,IAH,GRU,LAT,6
57,8,SFO,MCO,Sun,5
4,9,IAD,TPA,Sun,2
31,9,EWR,TPA,Sun,4
54,6,IAH,IAD,East,4
26,26,SFO,TPE,ASIA,8
91,11,DEN,RSW,Sun,7
43,3,IAH,SFO,West,2
14,17,LAX,MUC,EURO,13
76,30,DEN,GIG,LAT,5
19,13,DEN,CVG,EURO,11
38,17,IAD,MUC,EURO,9
93,8,SFO,MCO,Sun,14
14,18,LAX,FRA,EURO,13
54,30,DEN,GIG,LAT,9
39,24,ORD,HKG,ASIA,11
3,8,IAH,MCO,Sun,4
22,18,SFO,FRA,EURO,13
63,21,SFO,NRT,ASIA,5
37,32,ORD,SCL,LAT,5
86,34,EWR,MEX,LAT,4
48,12,IAH,LHR,EURO,10
58,9,LAX,TPA,Sun,8
48,26,ORD,TPE,ASIA,6
32,26,IAH,TPE,ASIA,5
33,3,DEN,SFO,West,2
8,7,LAX,EWR,East,3
61,1,SFO,ORD,Midwest,3
93,11,SFO,RSW,Sun,14
50,31,LAX,BOG,LAT,9
84,21,IAD,NRT,ASIA,11
87,27,EWR,SIN,ASIA,6
8,11,ORD,RSW,Sun,1
98,25,EWR,PEK,ASIA,16
5,9,IAH,TPA,Sun,6
3,6,DEN,IAD,East,3
93,30,IAH,GIG,LAT,5
66,18,EWR,FRA,EURO,6
58,10,EWR,MIA,Sun,8
68,28,LAX,EZE,LAT,11
70,6,EWR,IAD,East,3
67,24,LAX,HKG,ASIA,6
49,2,DEN,LAX,Sun,9
18,30,IAD,GIG,LAT,12
30,24,IAH,HKG,ASIA,9
49,1,IAD,ORD,Midwest,3
74,1,DEN,ORD,Midwest,1
27,5,EWR,DEN,Snow,2
66,27,SFO,SIN,ASIA,4
6,6,EWR,IAD,East,3
82,13,EWR,CVG,EURO,8
46,3,ORD,SFO,West,3
52,6,ORD,IAD,East,4
58,27,IAH,SIN,ASIA,8
58,26,LAX,TPE,ASIA,8
44,30,EWR,GIG,LAT,6
65,12,DEN,LHR,EURO,8
38,33,IAH,TGU,LAT,4
81,9,DEN,TPA,Sun,8
25,6,IAD,IAD,East,3
66,10,SFO,MIA,Sun,6
56,2,EWR,LAX,Sun,4
24,1,LAX,ORD,Midwest,3
9,3,SFO,SFO,West,2
4,25,IAD,PEK,ASIA,9
86,1,DEN,ORD,Midwest,1
65,16,DEN,BRU,EURO,8
54,27,IAH,SIN,ASIA,11
62,6,SFO,IAD,East,5
43,18,SFO,FRA,EURO,6
37,10,IAH,MIA,Sun,9
29,8,LAX,MCO,Sun,5
81,22,LAX,KIX,ASIA,9
78,29,EWR,GRU,LAT,5
22,1,DEN,ORD,Midwest,1
78,30,LAX,GIG,LAT,5
24,29,LAX,GRU,LAT,4
27,18,SFO,FRA,EURO,7
75,14,SFO,AMS,EURO,7
72,31,SFO,BOG,LAT,4
63,33,EWR,TGU,LAT,10
61,33,ORD,TGU,LAT,8
15,9,ORD,TPA,Sun,4
10,20,IAH,ICN,ASIA,6
82,21,IAH,NRT,ASIA,10
50,4,IAD,IAH,Sun,3
98,31,ORD,BOG,LAT,3
73,9,ORD,TPA,Sun,6
66,17,SFO,MUC,EURO,6
67,7,SFO,EWR,East,2
73,16,DEN,BRU,EURO,8
77,14,IAH,AMS,EURO,10
49,10,EWR,MIA,Sun,9
95,17,EWR,MUC,EURO,5
62,9,IAD,TPA,Sun,4
74,5,DEN,DEN,Snow,2
1,17,IAH,MUC,EURO,8
23,13,EWR,CVG,EURO,9
22,12,IAD,LHR,EURO,13
29,10,EWR,MIA,Sun,5
75,5,LAX,DEN,Snow,3
45,5,IAD,DEN,Snow,3
2,19,ORD,BHM,EURO,4
68,28,IAD,EZE,LAT,11
86,25,IAD,PEK,ASIA,8
36,26,DEN,TPE,ASIA,11
1,14,IAD,AMS,EURO,8
77,7,LAX,EWR,East,1
70,25,SFO,PEK,ASIA,9
7,19,DEN,BHM,EURO,14
13,11,EWR,RSW,Sun,5
98,21,IAD,NRT,ASIA,16
9,13,SFO,CVG,EURO,16
35,26,DEN,TPE,ASIA,11
44,1,LAX,ORD,Midwest,3
88,1,IAH,ORD,Midwest,1
10,32,SFO,SCL,LAT,10
53,12,EWR,LHR,EURO,9
46,20,IAH,ICN,ASIA,9
76,3,IAH,SFO,West,2
62,7,ORD,EWR,East,5
85,31,ORD,BOG,LAT,6
21,23,DEN,PVG,ASIA,6
41,12,LAX,LHR,EURO,6
70,11,IAH,RSW,Sun,3
74,21,SFO,NRT,ASIA,8
16,22,IAH,KIX,ASIA,6
36,9,LAX,TPA,Sun,4
85,5,IAH,DEN,Snow,1
76,17,DEN,MUC,EURO,6
83,22,SFO,KIX,ASIA,6
8,3,EWR,SFO,West,2
60,10,ORD,MIA,Sun,3
30,5,DEN,DEN,Snow,2
5,6,IAD,IAD,East,2
25,7,SFO,EWR,East,3
47,30,SFO,GIG,LAT,6
82,11,ORD,RSW,Sun,5
14,28,DEN,EZE,LAT,8
4,26,SFO,TPE,ASIA,9
67,13,SFO,CVG,EURO,10
37,22,LAX,KIX,ASIA,9
80,18,DEN,FRA,EURO,4
39,21,IAD,NRT,ASIA,11
36,9,LAX,TPA,Sun,4
81,27,DEN,SIN,ASIA,9
94,29,DEN,GRU,LAT,8
94,31,ORD,BOG,LAT,8
59,32,ORD,SCL,LAT,7
13,5,IAH,DEN,Snow,2
51,1,SFO,ORD,Midwest,1
3,23,LAX,PVG,ASIA,3
14,30,ORD,GIG,LAT,8
22,18,EWR,FRA,EURO,13
98,23,LAX,PVG,ASIA,16
24,10,IAH,MIA,Sun,6
81,10,EWR,MIA,Sun,8
73,10,ORD,MIA,Sun,6
57,23,SFO,PVG,ASIA,7
54,25,IAD,PEK,ASIA,11
20,30,IAD,GIG,LAT,4
39,6,DEN,IAD,East,2
14,17,IAD,MUC,EURO,13
5,1,DEN,ORD,Midwest,2
26,10,IAD,MIA,Sun,7
26,15,IAD,DUB,EURO,9
82,1,IAH,ORD,Midwest,3
5,1,IAD,ORD,Midwest,2
21,3,DEN,SFO,West,2
82,17,SFO,MUC,EURO,8
16,13,ORD,CVG,EURO,10
5,33,ORD,TGU,LAT,7
31,11,IAD,RSW,Sun,4
38,26,LAX,TPE,ASIA,7
67,18,IAD,FRA,EURO,10
24,12,LAX,LHR,EURO,2
19,30,LAX,GIG,LAT,5
3,25,IAH,PEK,ASIA,3
71,15,SFO,DUB,EURO,6
84,29,ORD,GRU,LAT,5
46,25,IAH,PEK,ASIA,9
37,34,SFO,MEX,LAT,5
54,28,DEN,EZE,LAT,9
14,10,IAH,MIA,Sun,9
93,14,SFO,AMS,EURO,6
46,25,ORD,PEK,ASIA,9
37,4,LAX,IAH,Sun,9
36,24,EWR,HKG,ASIA,11
95,19,EWR,BHM,EURO,5
34,9,IAD,TPA,Sun,3
19,12,IAD,LHR,EURO,11
93,4,ORD,IAH,Sun,14
47,6,EWR,IAD,East,3
2,24,IAH,HKG,ASIA,3
96,22,EWR,KIX,ASIA,7
89,30,IAH,GIG,LAT,11
14,15,DEN,DUB,EURO,13
25,1,SFO,ORD,Midwest,1
57,33,DEN,TGU,LAT,8
91,8,ORD,MCO,Sun,7
18,30,SFO,GIG,LAT,12
92,18,ORD,FRA,EURO,5
84,34,DEN,MEX,LAT,5
58,12,SFO,LHR,EURO,2
95,1,ORD,ORD,Midwest,2
37,27,IAH,SIN,ASIA,9
20,14,DEN,AMS,EURO,9
88,7,SFO,EWR,East,1
30,1,SFO,ORD,Midwest,3
12,11,IAD,RSW,Sun,5
77,4,EWR,IAH,Sun,3
29,7,EWR,EWR,East,3
89,4,DEN,IAH,Sun,3
91,10,SFO,MIA,Sun,7
10,21,LAX,NRT,ASIA,6
94,34,LAX,MEX,LAT,8
43,13,SFO,CVG,EURO,6
59,12,ORD,LHR,EURO,7
10,7,EWR,EWR,East,3
10,5,LAX,DEN,Snow,3
13,3,SFO,SFO,West,1
41,4,LAX,IAH,Sun,4
6,24,LAX,HKG,ASIA,13
43,30,ORD,GIG,LAT,7
31,34,IAH,MEX,LAT,7
63,26,EWR,TPE,ASIA,5
89,19,EWR,BHM,EURO,8
41,33,IAD,TGU,LAT,10
37,24,IAH,HKG,ASIA,9
4,32,SFO,SCL,LAT,12
58,30,ORD,GIG,LAT,9
3,5,LAX,DEN,Snow,4
42,1,IAD,ORD,Midwest,2
25,25,ORD,PEK,ASIA,12
20,15,DEN,DUB,EURO,9
37,4,SFO,IAH,Sun,9
51,31,IAH,BOG,LAT,7
7,30,DEN,GIG,LAT,4
70,5,IAH,DEN,Snow,1
62,23,EWR,PVG,ASIA,6
19,2,IAH,LAX,Sun,11
13,17,LAX,MUC,EURO,9
34,1,EWR,ORD,Midwest,1
33,33,IAD,TGU,LAT,6
55,22,IAH,KIX,ASIA,7
91,9,EWR,TPA,Sun,7
10,3,IAD,SFO,West,1
29,1,EWR,ORD,Midwest,3
53,20,ORD,ICN,ASIA,9
14,1,IAD,ORD,Midwest,2
75,11,LAX,RSW,Sun,3
27,2,IAD,LAX,Sun,5
52,26,ORD,TPE,ASIA,7
34,30,ORD,GIG,LAT,6
12,29,LAX,GRU,LAT,3
33,19,ORD,BHM,EURO,6
79,14,LAX,AMS,EURO,4
73,16,IAD,BRU,EURO,8
75,34,EWR,MEX,LAT,5
81,18,EWR,FRA,EURO,9
93,27,DEN,SIN,ASIA,10
18,17,ORD,MUC,EURO,5
13,30,ORD,GIG,LAT,5
84,6,IAH,IAD,East,1
81,23,IAD,PVG,ASIA,9
87,20,IAD,ICN,ASIA,6
51,34,IAH,MEX,LAT,7
86,24,IAD,HKG,ASIA,8
88,5,EWR,DEN,Snow,1
28,22,EWR,KIX,ASIA,8
30,24,IAH,HKG,ASIA,9
46,5,IAD,DEN,Snow,1
44,11,IAH,RSW,Sun,5
27,24,LAX,HKG,ASIA,5
4,32,ORD,SCL,LAT,12
52,13,IAD,CVG,EURO,8
14,1,SFO,ORD,Midwest,2
76,6,LAX,IAD,East,2
63,31,LAX,BOG,LAT,10
11,9,ORD,TPA,Sun,2
73,30,IAH,GIG,LAT,5
68,32,SFO,SCL,LAT,11
37,13,EWR,CVG,EURO,7
62,12,EWR,LHR,EURO,11
56,24,EWR,HKG,ASIA,6
97,10,IAD,MIA,Sun,2
41,14,EWR,AMS,EURO,6
47,26,EWR,TPE,ASIA,5
31,6,ORD,IAD,East,3
69,27,LAX,SIN,ASIA,12
75,22,LAX,KIX,ASIA,15
84,32,DEN,SCL,LAT,5
6,7,EWR,EWR,East,3
77,1,DEN,ORD,Midwest,2
37,4,SFO,IAH,Sun,9
5,8,IAD,MCO,Sun,6
91,8,DEN,MCO,Sun,7
61,29,IAD,GRU,LAT,8
78,9,DEN,TPA,Sun,5
45,16,DEN,BRU,EURO,5
18,18,DEN,FRA,EURO,5
21,9,ORD,TPA,Sun,8
81,19,IAD,BHM,EURO,9
22,15,LAX,DUB,EURO,13
80,22,IAD,KIX,ASIA,10
86,23,LAX,PVG,ASIA,8
83,19,DEN,BHM,EURO,7
67,32,IAH,SCL,LAT,8
17,31,EWR,BOG,LAT,7
90,19,LAX,BHM,EURO,7
15,34,IAH,MEX,LAT,6
44,31,LAX,BOG,LAT,6
39,33,EWR,TGU,LAT,4
41,1,ORD,ORD,Midwest,3
57,34,DEN,MEX,LAT,8
81,24,LAX,HKG,ASIA,9
13,7,ORD,EWR,East,2
37,21,IAH,NRT,ASIA,9
68,8,IAD,MCO,Sun,6
37,10,DEN,MIA,Sun,9
60,18,SFO,FRA,EURO,9
18,31,ORD,BOG,LAT,12
1,32,EWR,SCL,LAT,7
46,6,IAD,IAD,East,2
87,17,DEN,MUC,EURO,7
34,11,IAH,RSW,Sun,3
69,8,IAD,MCO,Sun,3
71,10,SFO,MIA,Sun,5
58,20,ORD,ICN,ASIA,8
45,7,IAD,EWR,East,1
8,25,IAD,PEK,ASIA,9
32,12,IAD,LHR,EURO,8
83,30,SFO,GIG,LAT,3
80,7,EWR,EWR,East,3
31,25,EWR,PEK,ASIA,6
36,12,ORD,LHR,EURO,8
37,22,IAH,KIX,ASIA,9
57,9,EWR,TPA,Sun,5
11,7,DEN,EWR,East,1
5,29,ORD,GRU,LAT,7
3,18,IAD,FRA,EURO,9
1,33,SFO,TGU,LAT,7
50,24,SFO,HKG,ASIA,9
46,34,ORD,MEX,LAT,8
38,15,IAH,DUB,EURO,9
35,24,DEN,HKG,ASIA,11
36,22,LAX,KIX,ASIA,11
18,16,IAD,BRU,EURO,5
57,12,SFO,LHR,EURO,7
28,21,IAD,NRT,ASIA,8
22,21,SFO,NRT,ASIA,3
43,33,SFO,TGU,LAT,7
26,2,EWR,LAX,Sun,7
55,12,IAD,LHR,EURO,12
19,13,IAD,CVG,EURO,11
44,30,IAH,GIG,LAT,6
39,23,SFO,PVG,ASIA,11
98,12,DEN,LHR,EURO,10
43,3,SFO,SFO,West,2
55,1,IAD,ORD,Midwest,4
66,29,LAX,GRU,LAT,9
23,31,IAD,BOG,LAT,6
74,15,EWR,DUB,EURO,5
38,2,ORD,LAX,Sun,5
85,29,EWR,GRU,LAT,6
65,24,DEN,HKG,ASIA,7
68,5,SFO,DEN,Snow,3
63,5,LAX,DEN,Snow,4
19,31,ORD,BOG,LAT,5
66,7,SFO,EWR,East,3
10,5,LAX,DEN,Snow,3
45,31,ORD,BOG,LAT,8
56,31,EWR,BOG,LAT,6
54,24,ORD,HKG,ASIA,11
58,30,LAX,GIG,LAT,9
1,4,LAX,IAH,Sun,4
68,34,LAX,MEX,LAT,11
10,6,SFO,IAD,East,3
59,2,DEN,LAX,Sun,4
48,16,LAX,BRU,EURO,10
37,7,EWR,EWR,East,2
29,22,IAD,KIX,ASIA,6
40,20,IAH,ICN,ASIA,8
71,2,EWR,LAX,Sun,5
11,31,DEN,BOG,LAT,6
48,24,IAH,HKG,ASIA,6
30,11,IAD,RSW,Sun,11
54,8,ORD,MCO,Sun,4
57,8,LAX,MCO,Sun,5
68,17,DEN,MUC,EURO,8
27,21,ORD,NRT,ASIA,5
53,33,DEN,TGU,LAT,7
62,27,ORD,SIN,ASIA,6
67,6,LAX,IAD,East,2
92,30,IAD,GIG,LAT,10
38,23,DEN,PVG,ASIA,7
6,7,SFO,EWR,East,3
23,25,EWR,PEK,ASIA,7
11,31,SFO,BOG,LAT,6
45,20,LAX,ICN,ASIA,9
45,5,LAX,DEN,Snow,3
82,2,IAD,LAX,Sun,5
88,23,EWR,PVG,ASIA,8
7,5,LAX,DEN,Snow,3
57,23,SFO,PVG,ASIA,7
2,6,ORD,IAD,East,3
46,17,ORD,MUC,EURO,8
97,7,EWR,EWR,East,3
64,4,IAH,IAH,Sun,4
53,22,LAX,KIX,ASIA,9
62,19,IAD,BHM,EURO,11
41,4,IAH,IAH,Sun,4
51,21,SFO,NRT,ASIA,5
46,4,IAD,IAH,Sun,6
1,27,IAD,SIN,ASIA,6
51,28,EWR,EZE,LAT,7
82,9,LAX,TPA,Sun,5
38,14,IAD,AMS,EURO,9
85,33,LAX,TGU,LAT,6
93,23,SFO,PVG,ASIA,10
37,16,DEN,BRU,EURO,7
50,17,EWR,MUC,EURO,2
77,14,SFO,AMS,EURO,10
65,21,SFO,NRT,ASIA,7
89,12,SFO,LHR,EURO,8
62,7,ORD,EWR,East,5
72,4,IAD,IAH,Sun,2
13,25,IAH,PEK,ASIA,9
22,5,EWR,DEN,Snow,2
12,7,IAH,EWR,East,3
82,13,IAD,CVG,EURO,8
8,28,ORD,EZE,LAT,6
1,2,ORD,LAX,Sun,4
68,12,DEN,LHR,EURO,8
95,20,IAD,ICN,ASIA,10
4,29,LAX,GRU,LAT,12
17,4,SFO,IAH,Sun,4
43,5,EWR,DEN,Snow,1
81,23,LAX,PVG,ASIA,9
74,6,DEN,IAD,East,3
60,34,ORD,MEX,LAT,7
60,3,IAH,SFO,West,2
25,31,SFO,BOG,LAT,5
32,8,IAD,MCO,Sun,8
12,1,SFO,ORD,Midwest,3
6,27,ORD,SIN,ASIA,13
80,8,IAH,MCO,Sun,7
42,32,SFO,SCL,LAT,4
7,12,LAX,LHR,EURO,14
60,26,SFO,TPE,ASIA,4
80,4,IAH,IAH,Sun,7
6,31,LAX,BOG,LAT,6
73,21,IAH,NRT,ASIA,6
23,30,IAH,GIG,LAT,6
21,6,SFO,IAD,East,1
45,1,EWR,ORD,Midwest,1
9,11,LAX,RSW,Sun,3
55,5,IAD,DEN,Snow,1
26,32,ORD,SCL,LAT,6
47,23,LAX,PVG,ASIA,5
67,18,SFO,FRA,EURO,10
50,8,SFO,MCO,Sun,3
32,4,LAX,IAH,Sun,8
86,8,EWR,MCO,Sun,5
96,11,LAX,RSW,Sun,5
21,2,EWR,LAX,Sun,8
28,26,IAD,TPE,ASIA,8
22,19,IAD,BHM,EURO,13
30,26,SFO,TPE,ASIA,9
35,20,LAX,ICN,ASIA,11
68,27,ORD,SIN,ASIA,8
34,7,IAD,EWR,East,2
83,16,IAH,BRU,EURO,7
67,13,ORD,CVG,EURO,10
47,5,IAH,DEN,Snow,1
84,26,SFO,TPE,ASIA,11
9,32,IAD,SCL,LAT,10
6,28,IAH,EZE,LAT,6
18,5,ORD,DEN,Snow,3
52,16,SFO,BRU,EURO,8
73,6,EWR,IAD,East,2
64,18,IAH,FRA,EURO,5
81,24,LAX,HKG,ASIA,9
87,29,SFO,GRU,LAT,12
44,27,DEN,SIN,ASIA,8
57,7,LAX,EWR,East,4
36,4,DEN,IAH,Sun,4
1,6,SFO,IAD,East,7
25,20,IAH,ICN,ASIA,12
3,30,IAD,GIG,LAT,4
48,32,IAH,SCL,LAT,4
78,16,EWR,BRU,EURO,8
71,28,LAX,EZE,LAT,7
51,26,DEN,TPE,ASIA,5
36,16,IAH,BRU,EURO,8
59,6,IAD,IAD,East,3
93,23,EWR,PVG,ASIA,10
35,23,IAD,PVG,ASIA,11
79,25,DEN,PEK,ASIA,5
81,15,SFO,DUB,EURO,9
14,28,LAX,EZE,LAT,8
52,6,DEN,IAD,East,4
35,20,LAX,ICN,ASIA,11
77,9,LAX,TPA,Sun,3
7,5,DEN,DEN,Snow,3
61,12,IAD,LHR,EURO,3
63,28,SFO,EZE,LAT,10
20,30,ORD,GIG,LAT,4
55,7,EWR,EWR,East,1
92,1,ORD,ORD,Midwest,2
23,5,IAH,DEN,Snow,1
97,22,IAD,KIX,ASIA,7
3,30,EWR,GIG,LAT,4
6,4,LAX,IAH,Sun,6
84,27,LAX,SIN,ASIA,11
11,34,ORD,MEX,LAT,6
37,24,SFO,HKG,ASIA,9
70,2,IAH,LAX,Sun,3
26,15,IAH,DUB,EURO,9
50,24,IAH,HKG,ASIA,9
27,27,IAH,SIN,ASIA,5
49,20,EWR,ICN,ASIA,10
52,23,LAX,PVG,ASIA,7
9,33,IAH,TGU,LAT,10
22,15,EWR,DUB,EURO,13
41,15,IAH,DUB,EURO,6
41,21,SFO,NRT,ASIA,5
7,7,LAX,EWR,East,1
75,25,SFO,PEK,ASIA,15
6,20,IAH,ICN,ASIA,13
90,15,SFO,DUB,EURO,7
55,2,SFO,LAX,Sun,5
39,14,EWR,AMS,EURO,10
67,31,IAD,BOG,LAT,8
62,4,IAH,IAH,Sun,4
83,10,LAX,MIA,Sun,4
50,3,LAX,SFO,West,1
35,30,IAH,GIG,LAT,9
27,11,EWR,RSW,Sun,5
82,34,SFO,MEX,LAT,6
61,31,EWR,BOG,LAT,8
26,17,IAD,MUC,EURO,9
67,10,SFO,MIA,Sun,4
95,6,ORD,IAD,East,2
77,32,IAH,SCL,LAT,4
76,16,EWR,BRU,EURO,6
63,29,DEN,GRU,LAT,10
57,29,IAD,GRU,LAT,8
86,12,IAH,LHR,EURO,3
59,24,DEN,HKG,ASIA,4
12,27,IAD,SIN,ASIA,11
89,7,SFO,EWR,East,1
57,3,IAH,SFO,West,1
4,15,EWR,DUB,EURO,6
5,9,DEN,TPA,Sun,6
4,32,EWR,SCL,LAT,12
71,8,DEN,MCO,Sun,5
77,12,DEN,LHR,EURO,10
54,27,IAH,SIN,ASIA,11
87,7,DEN,EWR,East,1
42,32,IAH,SCL,LAT,4
54,7,ORD,EWR,East,4
64,12,EWR,LHR,EURO,5
12,19,LAX,BHM,EURO,5
53,17,IAH,MUC,EURO,9
22,25,EWR,PEK,ASIA,3
11,12,SFO,LHR,EURO,11
17,23,DEN,PVG,ASIA,7
86,8,IAH,MCO,Sun,5
96,21,LAX,NRT,ASIA,7
7,2,EWR,LAX,Sun,8
54,29,IAD,GRU,LAT,9
75,22,DEN,KIX,ASIA,15
8,14,SFO,AMS,EURO,11
59,4,SFO,IAH,Sun,4
98,22,LAX,KIX,ASIA,16
46,3,IAH,SFO,West,3
37,17,IAD,MUC,EURO,7
94,1,IAH,ORD,Midwest,1
72,34,DEN,MEX,LAT,4
4,21,IAH,NRT,ASIA,9
35,4,IAH,IAH,Sun,4
52,23,IAH,PVG,ASIA,7
19,29,IAD,GRU,LAT,5
70,20,LAX,ICN,ASIA,9
38,15,IAH,DUB,EURO,9
54,15,IAH,DUB,EURO,7
2,2,SFO,LAX,Sun,4
55,3,IAH,SFO,West,1
57,11,LAX,RSW,Sun,5
68,26,DEN,TPE,ASIA,8
21,34,IAD,MEX,LAT,4
89,11,SFO,RSW,Sun,3
83,16,DEN,BRU,EURO,7
33,6,ORD,IAD,East,2
15,29,LAX,GRU,LAT,6
41,5,ORD,DEN,Snow,2
19,18,ORD,FRA,EURO,11
21,24,IAD,HKG,ASIA,6
11,16,LAX,BRU,EURO,11
68,16,SFO,BRU,EURO,8
63,8,DEN,MCO,Sun,6
6,26,DEN,TPE,ASIA,13
65,33,SFO,TGU,LAT,10
74,22,EWR,KIX,ASIA,8
92,29,IAD,GRU,LAT,10
40,7,IAD,EWR,East,3
36,6,ORD,IAD,East,2
54,7,DEN,EWR,East,4
39,12,DEN,LHR,EURO,10
68,9,DEN,TPA,Sun,6
81,26,LAX,TPE,ASIA,9
84,14,IAH,AMS,EURO,7
17,24,LAX,HKG,ASIA,7
65,3,IAD,SFO,West,3
58,32,LAX,SCL,LAT,9
13,18,LAX,FRA,EURO,9
62,13,SFO,CVG,EURO,11
70,32,IAD,SCL,LAT,7
31,19,SFO,BHM,EURO,9
77,32,ORD,SCL,LAT,4
26,32,ORD,SCL,LAT,6
12,27,EWR,SIN,ASIA,11
50,29,SFO,GRU,LAT,9
32,7,ORD,EWR,East,2
87,30,IAH,GIG,LAT,12
56,3,SFO,SFO,West,1
97,17,ORD,MUC,EURO,7
49,24,ORD,HKG,ASIA,10
92,30,SFO,GIG,LAT,10
6,15,IAD,DUB,EURO,3
64,32,LAX,SCL,LAT,5
55,23,IAD,PVG,ASIA,7
41,18,LAX,FRA,EURO,6
60,17,EWR,MUC,EURO,9
89,31,ORD,BOG,LAT,11
45,23,ORD,PVG,ASIA,9
71,15,IAH,DUB,EURO,6
54,32,DEN,SCL,LAT,9
82,19,LAX,BHM,EURO,8
55,8,SFO,MCO,Sun,5
4,6,LAX,IAD,East,1
63,23,LAX,PVG,ASIA,5
78,3,DEN,SFO,West,2
55,18,DEN,FRA,EURO,12
63,30,LAX,GIG,LAT,10
23,14,DEN,AMS,EURO,9
27,23,IAD,PVG,ASIA,5
37,24,LAX,HKG,ASIA,9
14,34,IAH,MEX,LAT,8
22,12,IAD,LHR,EURO,13
21,33,LAX,TGU,LAT,4
25,5,EWR,DEN,Snow,1
44,25,DEN,PEK,ASIA,8
90,22,ORD,KIX,ASIA,6
65,29,IAH,GRU,LAT,10
62,6,EWR,IAD,East,5
74,31,ORD,BOG,LAT,6
16,22,IAH,KIX,ASIA,6
61,1,SFO,ORD,Midwest,3
77,13,LAX,CVG,EURO,10
22,14,IAH,AMS,EURO,13
16,2,SFO,LAX,Sun,4
19,6,EWR,IAD,East,4
18,11,LAX,RSW,Sun,6
4,4,LAX,IAH,Sun,2
65,7,LAX,EWR,East,3
91,18,ORD,FRA,EURO,8
21,4,SFO,IAH,Sun,8
80,23,DEN,PVG,ASIA,10
7,8,EWR,MCO,Sun,8
26,16,IAD,BRU,EURO,9
39,12,IAH,LHR,EURO,10
90,23,DEN,PVG,ASIA,6
94,7,SFO,EWR,East,3
87,5,DEN,DEN,Snow,1
4,29,IAH,GRU,LAT,12
44,15,LAX,DUB,EURO,8
55,1,DEN,ORD,Midwest,4
54,6,ORD,IAD,East,4
84,32,SFO,SCL,LAT,5
78,25,DEN,PEK,ASIA,6
21,13,IAD,CVG,EURO,7
6,31,DEN,BOG,LAT,6
16,25,LAX,PEK,ASIA,6
83,26,EWR,TPE,ASIA,6
63,34,EWR,MEX,LAT,10
47,33,IAD,TGU,LAT,6
92,29,IAD,GRU,LAT,10
89,5,ORD,DEN,Snow,1
71,25,LAX,PEK,ASIA,6
3,11,LAX,RSW,Sun,4
82,14,LAX,AMS,EURO,8
91,7,ORD,EWR,East,4
58,4,IAH,IAH,Sun,8
60,30,IAD,GIG,LAT,7
18,3,DEN,SFO,West,3
40,24,ORD,HKG,ASIA,8
85,22,IAD,KIX,ASIA,7
69,13,ORD,CVG,EURO,10
53,1,ORD,ORD,Midwest,1
25,26,ORD,TPE,ASIA,12
61,25,IAD,PEK,ASIA,7
48,2,LAX,LAX,Sun,4
32,28,DEN,EZE,LAT,6
1,9,SFO,TPA,Sun,4
46,18,SFO,FRA,EURO,8
28,12,LAX,LHR,EURO,8
5,8,SFO,MCO,Sun,6
58,6,IAH,IAD,East,3
69,7,EWR,EWR,East,4
79,19,ORD,BHM,EURO,4
42,25,DEN,PEK,ASIA,10
53,4,IAD,IAH,Sun,7
42,27,IAD,SIN,ASIA,10
54,22,IAH,KIX,ASIA,11
60,1,EWR,ORD,Midwest,2
9,33,IAD,TGU,LAT,10
39,21,IAH,NRT,ASIA,11
96,16,EWR,BRU,EURO,5
25,25,EWR,PEK,ASIA,12
81,31,SFO,BOG,LAT,6
24,1,IAD,ORD,Midwest,3
9,12,EWR,LHR,EURO,16
7,34,DEN,MEX,LAT,4
16,19,LAX,BHM,EURO,10
87,28,EWR,EZE,LAT,12
16,8,SFO,MCO,Sun,4
44,22,EWR,KIX,ASIA,8
21,10,IAH,MIA,Sun,8
40,17,ORD,MUC,EURO,16
19,21,IAH,NRT,ASIA,8
14,3,LAX,SFO,West,1
16,6,EWR,IAD,East,1
64,32,DEN,SCL,LAT,5
25,18,IAH,FRA,EURO,5
75,19,DEN,BHM,EURO,7
46,26,DEN,TPE,ASIA,9
12,7,LAX,EWR,East,3
52,2,LAX,LAX,Sun,3
40,14,SFO,AMS,EURO,16
93,19,EWR,BHM,EURO,6
36,16,IAD,BRU,EURO,8
67,19,DEN,BHM,EURO,10
72,23,IAH,PVG,ASIA,8
37,16,LAX,BRU,EURO,7
61,26,SFO,TPE,ASIA,7
86,8,LAX,MCO,Sun,5
26,20,IAD,ICN,ASIA,8
60,7,ORD,EWR,East,2
30,4,ORD,IAH,Sun,11
11,14,ORD,AMS,EURO,11
81,20,EWR,ICN,ASIA,9
72,22,LAX,KIX,ASIA,8
96,5,IAH,DEN,Snow,2
79,13,DEN,CVG,EURO,4
44,3,LAX,SFO,West,2
43,15,LAX,DUB,EURO,6
27,30,LAX,GIG,LAT,5
2,33,LAX,TGU,LAT,14
22,2,IAH,LAX,Sun,7
44,15,ORD,DUB,EURO,8
58,27,IAD,SIN,ASIA,8
57,21,ORD,NRT,ASIA,7
32,30,ORD,GIG,LAT,6
16,19,SFO,BHM,EURO,10
47,11,IAD,RSW,Sun,3
70,17,DEN,MUC,EURO,6
2,8,IAD,MCO,Sun,4
13,24,LAX,HKG,ASIA,9
52,26,IAH,TPE,ASIA,7
80,19,IAH,BHM,EURO,4
9,3,DEN,SFO,West,2
79,32,SFO,SCL,LAT,5
27,34,SFO,MEX,LAT,5
35,17,IAD,MUC,EURO,4
42,28,SFO,EZE,LAT,4
66,30,LAX,GIG,LAT,9
70,30,SFO,GIG,LAT,7
51,26,EWR,TPE,ASIA,5
83,1,SFO,ORD,Midwest,3
76,29,DEN,GRU,LAT,5
13,24,SFO,HKG,ASIA,9
30,14,ORD,AMS,EURO,9
42,26,IAH,TPE,ASIA,10
74,20,SFO,ICN,ASIA,8
66,13,IAD,CVG,EURO,6
46,30,SFO,GIG,LAT,8
39,30,ORD,GIG,LAT,4
92,25,LAX,PEK,ASIA,12
4,33,ORD,TGU,LAT,12
16,4,EWR,IAH,Sun,4
72,15,ORD,DUB,EURO,6
22,10,IAD,MIA,Sun,7
12,14,IAH,AMS,EURO,5
11,21,ORD,NRT,ASIA,7
1,29,IAH,GRU,LAT,7
45,29,ORD,GRU,LAT,8
93,25,DEN,PEK,ASIA,10
10,14,IAD,AMS,EURO,7
28,10,IAH,MIA,Sun,2
92,15,DEN,DUB,EURO,5
98,18,DEN,FRA,EURO,10
58,1,IAH,ORD,Midwest,1
58,34,SFO,MEX,LAT,9
36,17,ORD,MUC,EURO,8
4,34,DEN,MEX,LAT,12
9,13,IAD,CVG,EURO,16
32,17,LAX,MUC,EURO,8
19,8,EWR,MCO,Sun,11
7,16,IAH,BRU,EURO,14
19,3,EWR,SFO,West,1
89,28,IAH,EZE,LAT,11
40,34,IAH,MEX,LAT,4
97,27,IAD,SIN,ASIA,7
45,28,SFO,EZE,LAT,8
69,4,IAH,IAH,Sun,3
4,26,SFO,TPE,ASIA,9
18,34,EWR,MEX,LAT,12
93,1,LAX,ORD,Midwest,1
42,12,ORD,LHR,EURO,5
40,12,EWR,LHR,EURO,16
80,24,DEN,HKG,ASIA,10
87,15,ORD,DUB,EURO,7
28,26,LAX,TPE,ASIA,8
10,13,SFO,CVG,EURO,7
18,8,DEN,MCO,Sun,6
17,16,ORD,BRU,EURO,6
84,22,IAD,KIX,ASIA,11
21,4,ORD,IAH,Sun,8
24,11,ORD,RSW,Sun,6
67,23,EWR,PVG,ASIA,6
17,34,IAD,MEX,LAT,7
92,23,DEN,PVG,ASIA,12
26,27,IAD,SIN,ASIA,8
88,31,EWR,BOG,LAT,5
93,31,LAX,BOG,LAT,5
98,6,IAD,IAD,East,2
86,3,SFO,SFO,West,2
80,3,EWR,SFO,West,1
26,7,ORD,EWR,East,3
28,8,EWR,MCO,Sun,2
28,16,IAD,BRU,EURO,8
65,14,SFO,AMS,EURO,8
59,7,LAX,EWR,East,3
54,20,IAD,ICN,ASIA,11
71,18,ORD,FRA,EURO,6
16,2,EWR,LAX,Sun,4
97,16,SFO,BRU,EURO,7
95,13,DEN,CVG,EURO,5
8,6,IAD,IAD,East,3
79,7,ORD,EWR,East,2
55,28,DEN,EZE,LAT,1
72,27,ORD,SIN,ASIA,8
7,24,DEN,HKG,ASIA,5
3,15,IAD,DUB,EURO,9
98,15,DEN,DUB,EURO,10
86,25,IAD,PEK,ASIA,8
60,6,LAX,IAD,East,2
38,16,EWR,BRU,EURO,9
51,28,LAX,EZE,LAT,7
18,5,IAD,DEN,Snow,3
35,33,DEN,TGU,LAT,9
33,26,IAD,TPE,ASIA,5
10,5,LAX,DEN,Snow,3
75,22,EWR,KIX,ASIA,15
29,16,ORD,BRU,EURO,7
69,29,LAX,GRU,LAT,8
98,10,SFO,MIA,Sun,3
83,6,DEN,IAD,East,3
17,18,LAX,FRA,EURO,6
76,18,LAX,FRA,EURO,6
67,34,LAX,MEX,LAT,8
2,29,LAX,GRU,LAT,14
81,23,SFO,PVG,ASIA,9
94,33,EWR,TGU,LAT,8
23,19,IAH,BHM,EURO,9
19,19,EWR,BHM,EURO,11
13,22,DEN,KIX,ASIA,9
71,2,SFO,LAX,Sun,5
30,9,EWR,TPA,Sun,11
5,16,SFO,BRU,EURO,6
98,1,LAX,ORD,Midwest,1
37,28,IAD,EZE,LAT,5
12,19,EWR,BHM,EURO,5
31,18,DEN,FRA,EURO,9
92,6,LAX,IAD,East,2
11,13,ORD,CVG,EURO,11
76,4,LAX,IAH,Sun,5
91,15,SFO,DUB,EURO,8
5,19,SFO,BHM,EURO,6
30,12,EWR,LHR,EURO,9
51,16,DEN,BRU,EURO,4
8,13,ORD,CVG,EURO,11
92,24,DEN,HKG,ASIA,12
72,26,LAX,TPE,ASIA,8
32,20,IAD,ICN,ASIA,5
76,8,IAH,MCO,Sun,5
16,25,DEN,PEK,ASIA,6
52,29,SFO,GRU,LAT,3
41,29,EWR,GRU,LAT,10
22,4,IAH,IAH,Sun,7
34,24,EWR,HKG,ASIA,10
7,13,EWR,CVG,EURO,14
44,11,EWR,RSW,Sun,5
23,21,DEN,NRT,ASIA,7
52,15,SFO,DUB,EURO,8
74,15,SFO,DUB,EURO,5
59,32,DEN,SCL,LAT,7
20,17,EWR,MUC,EURO,9
9,29,SFO,GRU,LAT,10
69,3,EWR,SFO,West,3
80,29,IAD,GRU,LAT,6
43,32,EWR,SCL,LAT,7
12,1,ORD,ORD,Midwest,3
68,7,SFO,EWR,East,1
66,34,LAX,MEX,LAT,9
8,12,SFO,LHR,EURO,11
10,8,IAH,MCO,Sun,3
56,8,LAX,MCO,Sun,4
7,12,EWR,LHR,EURO,14
59,12,EWR,LHR,EURO,7
26,34,LAX,MEX,LAT,6
69,7,IAH,EWR,East,4
8,34,DEN,MEX,LAT,6
22,15,IAH,DUB,EURO,13
55,13,DEN,CVG,EURO,12
45,27,IAH,SIN,ASIA,9
30,11,ORD,RSW,Sun,11
10,18,ORD,FRA,EURO,7
41,30,IAH,GIG,LAT,10
73,11,IAD,RSW,Sun,6
38,19,SFO,BHM,EURO,9
21,20,IAH,ICN,ASIA,6
40,28,SFO,EZE,LAT,4
34,8,SFO,MCO,Sun,3
37,2,LAX,LAX,Sun,9
16,34,IAH,MEX,LAT,9
45,14,EWR,AMS,EURO,5
80,28,EWR,EZE,LAT,6
53,22,DEN,KIX,ASIA,9
92,28,IAH,EZE,LAT,10
68,11,SFO,RSW,Sun,6
56,20,ORD,ICN,ASIA,6
13,8,EWR,MCO,Sun,5
81,16,DEN,BRU,EURO,9
70,14,ORD,AMS,EURO,6
11,26,IAH,TPE,ASIA,7
68,21,EWR,NRT,ASIA,8
56,23,LAX,PVG,ASIA,6
12,25,DEN,PEK,ASIA,11
72,5,DEN,DEN,Snow,1
22,31,ORD,BOG,LAT,2
50,13,IAD,CVG,EURO,2
63,5,IAH,DEN,Snow,4
92,27,ORD,SIN,ASIA,12
46,3,EWR,SFO,West,3
92,24,IAD,HKG,ASIA,12
53,9,SFO,TPA,Sun,7
86,33,EWR,TGU,LAT,4
64,21,IAH,NRT,ASIA,4
91,4,ORD,IAH,Sun,7
3,16,IAD,BRU,EURO,9
74,16,IAD,BRU,EURO,5
60,30,IAH,GIG,LAT,7
93,8,ORD,MCO,Sun,14
59,14,EWR,AMS,EURO,7
30,14,SFO,AMS,EURO,9
29,6,IAD,IAD,East,3
28,27,DEN,SIN,ASIA,8
62,28,EWR,EZE,LAT,13
62,14,DEN,AMS,EURO,11
28,19,IAH,BHM,EURO,8
2,6,DEN,IAD,East,3
75,22,ORD,KIX,ASIA,15
40,31,DEN,BOG,LAT,4
86,30,EWR,GIG,LAT,4
14,16,LAX,BRU,EURO,13
29,20,IAD,ICN,ASIA,6
50,34,IAH,MEX,LAT,9
61,11,SFO,RSW,Sun,5
39,3,DEN,SFO,West,2
9,24,IAD,HKG,ASIA,6
29,4,IAD,IAH,Sun,5
37,9,IAH,TPA,Sun,9
46,29,LAX,GRU,LAT,8
46,24,DEN,HKG,ASIA,9
77,17,IAD,MUC,EURO,10
53,23,SFO,PVG,ASIA,9
13,2,ORD,LAX,Sun,5
28,23,SFO,PVG,ASIA,8
7,10,ORD,MIA,Sun,8
37,13,SFO,CVG,EURO,7
92,14,DEN,AMS,EURO,5
9,15,IAH,DUB,EURO,16
91,22,EWR,KIX,ASIA,6
11,33,IAD,TGU,LAT,6
66,3,ORD,SFO,West,2
86,27,SFO,SIN,ASIA,8
80,29,DEN,GRU,LAT,6
67,18,SFO,FRA,EURO,10
42,22,DEN,KIX,ASIA,10
73,6,LAX,IAD,East,2
27,30,DEN,GIG,LAT,5
11,15,EWR,DUB,EURO,11
90,9,IAH,TPA,Sun,3
9,9,SFO,TPA,Sun,3
70,14,SFO,AMS,EURO,6
42,2,IAD,LAX,Sun,8
44,27,ORD,SIN,ASIA,8
61,1,IAH,ORD,Midwest,3
8,30,DEN,GIG,LAT,6
54,20,IAD,ICN,ASIA,11
30,16,IAD,BRU,EURO,9
21,28,SFO,EZE,LAT,4
40,23,ORD,PVG,ASIA,8
34,32,LAX,SCL,LAT,6
22,6,EWR,IAD,East,2
42,22,EWR,KIX,ASIA,10
85,21,ORD,NRT,ASIA,7
43,24,SFO,HKG,ASIA,5
88,24,IAD,HKG,ASIA,8
31,25,EWR,PEK,ASIA,6
98,5,IAD,DEN,Snow,1
49,29,DEN,GRU,LAT,6
13,27,IAH,SIN,ASIA,9
29,28,IAD,EZE,LAT,7
46,16,DEN,BRU,EURO,8
45,20,IAH,ICN,ASIA,9
91,1,SFO,ORD,Midwest,4
4,25,IAD,PEK,ASIA,9
49,9,SFO,TPA,Sun,9
1,21,EWR,NRT,ASIA,6
46,30,DEN,GIG,LAT,8
61,32,IAD,SCL,LAT,8
8,3,LAX,SFO,West,2
49,27,SFO,SIN,ASIA,10
29,32,IAH,SCL,LAT,7
84,14,DEN,AMS,EURO,7
68,9,LAX,TPA,Sun,6
17,18,SFO,FRA,EURO,6
61,28,IAH,EZE,LAT,8
69,7,EWR,EWR,East,4
94,7,LAX,EWR,East,3
26,26,EWR,TPE,ASIA,8
75,28,EWR,EZE,LAT,5
65,3,SFO,SFO,West,3
22,5,SFO,DEN,Snow,2
18,25,IAD,PEK,ASIA,4
6,34,LAX,MEX,LAT,6
81,13,IAH,CVG,EURO,9
96,4,SFO,IAH,Sun,5
88,25,ORD,PEK,ASIA,8
97,26,LAX,TPE,ASIA,7
82,28,SFO,EZE,LAT,6
86,8,IAH,MCO,Sun,5
35,2,SFO,LAX,Sun,4
49,25,SFO,PEK,ASIA,10
49,20,EWR,ICN,ASIA,10
31,33,EWR,TGU,LAT,7
56,31,ORD,BOG,LAT,6
82,10,IAD,MIA,Sun,5
55,13,SFO,CVG,EURO,12
63,15,EWR,DUB,EURO,3
74,27,SFO,SIN,ASIA,8
35,28,IAH,EZE,LAT,9
19,33,ORD,TGU,LAT,5
1,17,DEN,MUC,EURO,8
20,19,LAX,BHM,EURO,9
23,2,IAD,LAX,Sun,7
11,10,IAH,MIA,Sun,2
85,25,DEN,PEK,ASIA,7
72,7,EWR,EWR,East,2
61,7,ORD,EWR,East,2
14,4,DEN,IAH,Sun,9
47,12,IAD,LHR,EURO,4
12,25,IAD,PEK,ASIA,11
57,4,ORD,IAH,Sun,5
86,22,ORD,KIX,ASIA,8
61,29,IAH,GRU,LAT,8
84,15,DEN,DUB,EURO,7
89,12,LAX,LHR,EURO,8
25,13,IAH,CVG,EURO,5
10,8,EWR,MCO,Sun,3
16,28,ORD,EZE,LAT,9
30,1,IAH,ORD,Midwest,3
81,1,IAH,ORD,Midwest,1
18,11,SFO,RSW,Sun,6
34,20,IAD,ICN,ASIA,10
93,26,EWR,TPE,ASIA,10
14,2,LAX,LAX,Sun,9
57,14,IAH,AMS,EURO,7
87,4,EWR,IAH,Sun,3
62,31,DEN,BOG,LAT,13
22,18,DEN,FRA,EURO,13
33,17,ORD,MUC,EURO,6
68,13,DEN,CVG,EURO,8
24,5,SFO,DEN,Snow,1
1,29,EWR,GRU,LAT,7
42,8,IAH,MCO,Sun,8
36,20,EWR,ICN,ASIA,11
6,18,ORD,FRA,EURO,3
7,11,IAH,RSW,Sun,8
33,34,ORD,MEX,LAT,6
11,26,SFO,TPE,ASIA,7
27,3,IAD,SFO,West,3
84,31,ORD,BOG,LAT,5
65,31,EWR,BOG,LAT,10
98,26,IAH,TPE,ASIA,16
60,18,IAD,FRA,EURO,9
78,28,ORD,EZE,LAT,5
95,25,IAH,PEK,ASIA,10
76,23,IAH,PVG,ASIA,6
76,20,IAH,ICN,ASIA,6
49,10,DEN,MIA,Sun,9
5,34,EWR,MEX,LAT,7
69,27,IAH,SIN,ASIA,12
35,3,IAD,SFO,West,1
93,9,IAD,TPA,Sun,14
17,22,IAD,KIX,ASIA,7
5,4,SFO,IAH,Sun,6
41,32,SFO,SCL,LAT,10
74,13,LAX,CVG,EURO,5
19,7,EWR,EWR,East,4
75,32,ORD,SCL,LAT,5
3,4,ORD,IAH,Sun,4
25,27,DEN,SIN,ASIA,12
97,18,IAD,FRA,EURO,7
14,7,LAX,EWR,East,3
87,34,DEN,MEX,LAT,12
6,22,ORD,KIX,ASIA,13
66,11,ORD,RSW,Sun,6
34,34,IAD,MEX,LAT,6
41,1,IAD,ORD,Midwest,3
26,25,IAH,PEK,ASIA,8
8,27,ORD,SIN,ASIA,9
69,21,IAH,NRT,ASIA,12
65,16,DEN,BRU,EURO,8
68,11,LAX,RSW,Sun,6
70,24,IAD,HKG,ASIA,9
46,22,LAX,KIX,ASIA,9
72,19,EWR,BHM,EURO,6
34,19,LAX,BHM,EURO,5
91,22,EWR,KIX,ASIA,6
73,3,EWR,SFO,West,3
52,15,DEN,DUB,EURO,8
19,30,DEN,GIG,LAT,5
64,30,IAD,GIG,LAT,5
26,23,DEN,PVG,ASIA,8
18,33,IAH,TGU,LAT,12
25,20,DEN,ICN,ASIA,12
68,18,EWR,FRA,EURO,8
5,33,ORD,TGU,LAT,7
57,32,LAX,SCL,LAT,8
95,29,LAX,GRU,LAT,5
56,18,SFO,FRA,EURO,6
91,33,ORD,TGU,LAT,2
50,21,DEN,NRT,ASIA,9
78,23,EWR,PVG,ASIA,6
18,33,ORD,TGU,LAT,12
64,14,EWR,AMS,EURO,5
58,33,ORD,TGU,LAT,9
16,24,IAD,HKG,ASIA,6
12,10,DEN,MIA,Sun,5
47,22,SFO,KIX,ASIA,5
91,30,EWR,GIG,LAT,2
9,15,IAD,DUB,EURO,16
71,34,IAH,MEX,LAT,7
20,25,EWR,PEK,ASIA,2
83,33,EWR,TGU,LAT,3
45,32,DEN,SCL,LAT,8
75,22,SFO,KIX,ASIA,15
33,10,SFO,MIA,Sun,8
56,21,IAD,NRT,ASIA,6
8,24,ORD,HKG,ASIA,9
34,3,IAH,SFO,West,2
2,8,LAX,MCO,Sun,4
95,20,EWR,ICN,ASIA,10
5,27,LAX,SIN,ASIA,4
65,16,IAD,BRU,EURO,8
76,9,IAH,TPA,Sun,5
50,28,LAX,EZE,LAT,9
84,23,DEN,PVG,ASIA,11
14,2,IAH,LAX,Sun,9
52,25,DEN,PEK,ASIA,7
17,2,ORD,LAX,Sun,4
31,11,ORD,RSW,Sun,4
14,29,EWR,GRU,LAT,8
94,26,IAH,TPE,ASIA,5
40,23,LAX,PVG,ASIA,8
42,11,EWR,RSW,Sun,8
69,18,LAX,FRA,EURO,10
95,26,DEN,TPE,ASIA,10
89,33,ORD,TGU,LAT,11
42,8,ORD,MCO,Sun,8
1,1,SFO,ORD,Midwest,3
5,5,SFO,DEN,Snow,1
54,16,DEN,BRU,EURO,7
34,14,DEN,AMS,EURO,5
84,13,DEN,CVG,EURO,7
75,9,EWR,TPA,Sun,3
30,9,DEN,TPA,Sun,11
69,12,LAX,LHR,EURO,10
47,13,LAX,CVG,EURO,4
45,30,IAH,GIG,LAT,8
64,5,SFO,DEN,Snow,1
38,13,DEN,CVG,EURO,9
98,27,DEN,SIN,ASIA,16
92,23,LAX,PVG,ASIA,12
49,30,ORD,GIG,LAT,6
13,6,DEN,IAD,East,2
63,33,SFO,TGU,LAT,10
39,24,SFO,HKG,ASIA,11
7,18,IAD,FRA,EURO,14
16,24,LAX,HKG,ASIA,6
48,27,EWR,SIN,ASIA,6
50,34,IAD,MEX,LAT,9
97,24,SFO,HKG,ASIA,7
68,32,EWR,SCL,LAT,11
65,32,SFO,SCL,LAT,10
49,4,SFO,IAH,Sun,9
1,7,DEN,EWR,East,7
82,25,IAD,PEK,ASIA,10
87,8,SFO,MCO,Sun,3
14,19,IAD,BHM,EURO,13
36,28,LAX,EZE,LAT,7
30,27,LAX,SIN,ASIA,9
61,22,DEN,KIX,ASIA,7
46,25,DEN,PEK,ASIA,9
11,18,IAH,FRA,EURO,11
97,25,DEN,PEK,ASIA,7
90,33,LAX,TGU,LAT,4
93,26,SFO,TPE,ASIA,10
94,10,LAX,MIA,Sun,7
34,21,SFO,NRT,ASIA,10
73,27,DEN,SIN,ASIA,6
18,2,EWR,LAX,Sun,6
4,3,DEN,SFO,West,1
18,26,EWR,TPE,ASIA,4
27,3,IAD,SFO,West,3
51,5,IAH,DEN,Snow,2
9,24,IAD,HKG,ASIA,6
5,18,SFO,FRA,EURO,6
87,3,SFO,SFO,West,1
51,5,IAH,DEN,Snow,2
38,16,IAH,BRU,EURO,9
61,25,EWR,PEK,ASIA,7
33,11,LAX,RSW,Sun,8
16,3,EWR,SFO,West,2
93,11,ORD,RSW,Sun,14
63,20,SFO,ICN,ASIA,5
51,12,SFO,LHR,EURO,4
80,4,DEN,IAH,Sun,7
83,8,SFO,MCO,Sun,4
16,5,IAH,DEN,Snow,1
49,10,IAH,MIA,Sun,9
12,27,IAD,SIN,ASIA,11
38,8,ORD,MCO,Sun,5
38,9,SFO,TPA,Sun,5
93,12,SFO,LHR,EURO,6
8,27,LAX,SIN,ASIA,9
2,3,ORD,SFO,West,1
72,20,EWR,ICN,ASIA,8
37,4,DEN,IAH,Sun,9
35,21,SFO,NRT,ASIA,11
55,20,IAH,ICN,ASIA,7
71,30,IAD,GIG,LAT,7
54,19,IAD,BHM,EURO,7
12,12,DEN,LHR,EURO,5
57,5,DEN,DEN,Snow,2
8,32,ORD,SCL,LAT,6
50,21,LAX,NRT,ASIA,9
92,34,EWR,MEX,LAT,10
47,26,LAX,TPE,ASIA,5
47,1,ORD,ORD,Midwest,2
64,3,IAH,SFO,West,2
39,2,LAX,LAX,Sun,7
61,8,IAH,MCO,Sun,5
33,9,EWR,TPA,Sun,8
90,20,IAD,ICN,ASIA,6
70,21,IAH,NRT,ASIA,9
98,24,IAD,HKG,ASIA,16
29,31,EWR,BOG,LAT,7
24,31,LAX,BOG,LAT,4
9,25,IAD,PEK,ASIA,6
55,1,DEN,ORD,Midwest,4
84,4,ORD,IAH,Sun,3
35,5,IAD,DEN,Snow,1
45,2,ORD,LAX,Sun,3
89,25,EWR,PEK,ASIA,4
82,1,SFO,ORD,Midwest,3
81,12,EWR,LHR,EURO,9
62,34,EWR,MEX,LAT,13
31,32,LAX,SCL,LAT,7
48,14,DEN,AMS,EURO,10
51,15,IAD,DUB,EURO,4
32,5,IAH,DEN,Snow,3
75,27,LAX,SIN,ASIA,15
41,25,EWR,PEK,ASIA,5
46,17,IAD,MUC,EURO,8
57,18,IAH,FRA,EURO,7
73,17,IAH,MUC,EURO,8
5,28,DEN,EZE,LAT,7
94,2,LAX,LAX,Sun,7
97,17,IAD,MUC,EURO,7
62,15,IAH,DUB,EURO,11
84,21,IAH,NRT,ASIA,11
95,8,IAD,MCO,Sun,4
6,2,EWR,LAX,Sun,6
79,20,DEN,ICN,ASIA,5
66,8,EWR,MCO,Sun,6
28,16,IAH,BRU,EURO,8
36,26,LAX,TPE,ASIA,11
73,31,IAH,BOG,LAT,5
74,25,ORD,PEK,ASIA,8
38,11,ORD,RSW,Sun,5
80,6,DEN,IAD,East,3
4,34,IAH,MEX,LAT,12
13,31,EWR,BOG,LAT,5
23,13,LAX,CVG,EURO,9
73,32,IAH,SCL,LAT,5
20,15,LAX,DUB,EURO,9
56,34,LAX,MEX,LAT,6
22,12,IAD,LHR,EURO,13
86,19,LAX,BHM,EURO,3
94,10,IAD,MIA,Sun,7
70,18,IAD,FRA,EURO,6
28,5,EWR,DEN,Snow,2
25,21,LAX,NRT,ASIA,12
73,3,SFO,SFO,West,3
88,20,LAX,ICN,ASIA,8
82,34,IAH,MEX,LAT,6
80,10,EWR,MIA,Sun,7
36,31,LAX,BOG,LAT,7
65,21,IAH,NRT,ASIA,7
69,7,SFO,EWR,East,4
62,29,IAD,GRU,LAT,13
6,28,IAH,EZE,LAT,6
97,31,IAD,BOG,LAT,5
64,33,IAD,TGU,LAT,5
16,34,ORD,MEX,LAT,9
40,16,SFO,BRU,EURO,16
41,20,SFO,ICN,ASIA,5
13,17,IAD,MUC,EURO,9
36,7,SFO,EWR,East,2
47,14,EWR,AMS,EURO,4
24,4,EWR,IAH,Sun,6
49,21,DEN,NRT,ASIA,10
98,19,IAD,BHM,EURO,10
20,8,EWR,MCO,Sun,3
54,28,DEN,EZE,LAT,9
52,1,EWR,ORD,Midwest,2
1,7,SFO,EWR,East,7
10,18,DEN,FRA,EURO,7
46,15,IAH,DUB,EURO,8
33,10,SFO,MIA,Sun,8
6,22,IAD,KIX,ASIA,13
63,12,SFO,LHR,EURO,3
59,34,IAD,MEX,LAT,7
92,8,LAX,MCO,Sun,5
29,27,LAX,SIN,ASIA,6
17,10,LAX,MIA,Sun,4
87,18,IAH,FRA,EURO,7
28,1,IAH,ORD,Midwest,2
36,20,DEN,ICN,ASIA,11
17,30,IAD,GIG,LAT,7
66,11,LAX,RSW,Sun,6
41,20,ORD,ICN,ASIA,5
20,13,SFO,CVG,EURO,9
64,16,DEN,BRU,EURO,5
19,14,EWR,AMS,EURO,11
61,5,LAX,DEN,Snow,2
13,2,ORD,LAX,Sun,5
52,27,LAX,SIN,ASIA,7
16,13,IAH,CVG,EURO,10
39,21,DEN,NRT,ASIA,11
91,7,EWR,EWR,East,4
98,11,SFO,RSW,Sun,3
9,15,IAD,DUB,EURO,16
19,13,SFO,CVG,EURO,11
19,4,DEN,IAH,Sun,11
96,27,IAD,SIN,ASIA,7
75,26,SFO,TPE,ASIA,15
92,9,EWR,TPA,Sun,5
29,5,ORD,DEN,Snow,1
23,14,DEN,AMS,EURO,9
26,33,SFO,TGU,LAT,6
16,16,SFO,BRU,EURO,10
95,34,SFO,MEX,LAT,5
83,13,IAD,CVG,EURO,7
95,31,IAH,BOG,LAT,5
77,21,ORD,NRT,ASIA,3
94,19,EWR,BHM,EURO,3
89,14,SFO,AMS,EURO,8
90,27,EWR,SIN,ASIA,6
62,29,DEN,GRU,LAT,13
84,17,LAX,MUC,EURO,7
30,9,LAX,TPA,Sun,11
5,14,EWR,AMS,EURO,6
10,29,SFO,GRU,LAT,10
90,11,DEN,RSW,Sun,3
4,19,DEN,BHM,EURO,6
70,29,IAD,GRU,LAT,7
52,5,IAH,DEN,Snow,1
97,16,IAH,BRU,EURO,7
77,15,LAX,DUB,EURO,10
9,16,SFO,BRU,EURO,16
57,31,IAD,BOG,LAT,8
51,11,ORD,RSW,Sun,5
68,31,SFO,BOG,LAT,11
36,21,SFO,NRT,ASIA,11
90,13,ORD,CVG,EURO,7
54,12,IAH,LHR,EURO,7
58,22,ORD,KIX,ASIA,8
30,15,SFO,DUB,EURO,9
35,18,LAX,FRA,EURO,4
16,19,IAH,BHM,EURO,10
69,31,IAH,BOG,LAT,8
26,8,IAD,MCO,Sun,7
17,28,EWR,EZE,LAT,7
82,1,IAH,ORD,Midwest,3
89,4,LAX,IAH,Sun,3
60,8,SFO,MCO,Sun,3
1,25,EWR,PEK,ASIA,6
39,19,DEN,BHM,EURO,10
65,7,DEN,EWR,East,3
95,23,DEN,PVG,ASIA,10
97,18,EWR,FRA,EURO,7
4,19,ORD,BHM,EURO,6
94,23,EWR,PVG,ASIA,5
7,16,DEN,BRU,EURO,14
89,32,IAH,SCL,LAT,11
10,28,DEN,EZE,LAT,10
17,15,SFO,DUB,EURO,6
40,14,IAH,AMS,EURO,16
48,2,IAD,LAX,Sun,4
89,31,IAD,BOG,LAT,11
94,13,EWR,CVG,EURO,3
97,14,IAD,AMS,EURO,7
46,11,IAD,RSW,Sun,6
59,22,ORD,KIX,ASIA,4
96,10,IAH,MIA,Sun,5
8,17,DEN,MUC,EURO,11
88,10,LAX,MIA,Sun,3
75,27,LAX,SIN,ASIA,15
95,25,EWR,PEK,ASIA,10
86,2,LAX,LAX,Sun,5
92,1,ORD,ORD,Midwest,2
7,17,LAX,MUC,EURO,14
10,33,ORD,TGU,LAT,10
56,23,DEN,PVG,ASIA,6
27,10,IAH,MIA,Sun,5
70,6,IAH,IAD,East,3
65,28,DEN,EZE,LAT,10
87,27,DEN,SIN,ASIA,6
29,17,ORD,MUC,EURO,7
61,24,LAX,HKG,ASIA,7
14,20,IAD,ICN,ASIA,4
87,32,ORD,SCL,LAT,12
38,21,DEN,NRT,ASIA,7
69,27,SFO,SIN,ASIA,12
69,28,LAX,EZE,LAT,8
7,25,SFO,PEK,ASIA,5
35,34,SFO,MEX,LAT,9
41,34,EWR,MEX,LAT,10
41,21,ORD,NRT,ASIA,5
78,3,SFO,SFO,West,2
21,1,LAX,ORD,Midwest,1
70,30,SFO,GIG,LAT,7
26,2,SFO,LAX,Sun,7
72,23,IAD,PVG,ASIA,8
69,14,IAD,AMS,EURO,10
2,32,EWR,SCL,LAT,14
62,19,SFO,BHM,EURO,11
72,7,SFO,EWR,East,2
33,30,IAH,GIG,LAT,6
17,3,ORD,SFO,West,1
91,16,IAD,BRU,EURO,8
45,3,LAX,SFO,West,3
51,25,ORD,PEK,ASIA,5
17,32,LAX,SCL,LAT,7
23,30,IAH,GIG,LAT,6
19,26,SFO,TPE,ASIA,8
64,6,DEN,IAD,East,2
19,9,SFO,TPA,Sun,11
59,4,IAH,IAH,Sun,4
78,13,EWR,CVG,EURO,8
29,4,SFO,IAH,Sun,5
88,15,LAX,DUB,EURO,3
58,10,ORD,MIA,Sun,8
12,24,SFO,HKG,ASIA,11
14,7,LAX,EWR,East,3
49,8,SFO,MCO,Sun,9
76,18,DEN,FRA,EURO,6
29,1,DEN,ORD,Midwest,3
67,4,DEN,IAH,Sun,4
46,6,DEN,IAD,East,2
56,13,ORD,CVG,EURO,6
11,5,EWR,DEN,Snow,1
39,26,LAX,TPE,ASIA,11
30,2,IAD,LAX,Sun,11
63,21,IAH,NRT,ASIA,5
56,19,EWR,BHM,EURO,6
47,11,IAH,RSW,Sun,3
44,16,DEN,BRU,EURO,8
7,22,SFO,KIX,ASIA,5
4,16,DEN,BRU,EURO,6
21,22,SFO,KIX,ASIA,6
14,24,SFO,HKG,ASIA,4
31,29,EWR,GRU,LAT,7
42,17,IAD,MUC,EURO,5
19,13,IAD,CVG,EURO,11
66,29,DEN,GRU,LAT,9
35,32,ORD,SCL,LAT,9
78,14,EWR,AMS,EURO,8
36,24,LAX,HKG,ASIA,11
59,12,ORD,LHR,EURO,7
98,8,SFO,MCO,Sun,3
11,24,ORD,HKG,ASIA,7
32,4,LAX,IAH,Sun,8
25,25,SFO,PEK,ASIA,12
96,2,SFO,LAX,Sun,5
43,22,EWR,KIX,ASIA,5
1,15,IAH,DUB,EURO,8
41,33,SFO,TGU,LAT,10
65,33,LAX,TGU,LAT,10
53,30,IAD,GIG,LAT,7
39,18,LAX,FRA,EURO,10
79,7,LAX,EWR,East,2
78,4,IAH,IAH,Sun,5
66,29,ORD,GRU,LAT,9
23,7,EWR,EWR,East,1
82,24,EWR,HKG,ASIA,10
89,32,EWR,SCL,LAT,11
60,1,ORD,ORD,Midwest,2
61,7,SFO,EWR,East,2
48,33,IAH,TGU,LAT,4
25,34,ORD,MEX,LAT,5
40,9,EWR,TPA,Sun,2
52,24,LAX,HKG,ASIA,7
79,9,SFO,TPA,Sun,4
21,10,LAX,MIA,Sun,8
29,27,EWR,SIN,ASIA,6
54,16,IAH,BRU,EURO,7
90,20,IAH,ICN,ASIA,6
80,8,EWR,MCO,Sun,7
6,4,SFO,IAH,Sun,6
82,22,LAX,KIX,ASIA,10
81,8,LAX,MCO,Sun,8
68,5,IAD,DEN,Snow,3
10,34,LAX,MEX,LAT,10
9,25,SFO,PEK,ASIA,6
55,19,EWR,BHM,EURO,12
93,9,LAX,TPA,Sun,14
38,5,SFO,DEN,Snow,1
75,31,ORD,BOG,LAT,5
19,8,IAH,MCO,Sun,11
41,29,IAD,GRU,LAT,10
73,23,DEN,PVG,ASIA,6
15,23,SFO,PVG,ASIA,4
82,33,DEN,TGU,LAT,6
33,7,LAX,EWR,East,2
70,34,EWR,MEX,LAT,7
27,9,SFO,TPA,Sun,5
30,11,LAX,RSW,Sun,11
96,29,IAD,GRU,LAT,6
19,10,DEN,MIA,Sun,11
93,28,EWR,EZE,LAT,5
46,8,EWR,MCO,Sun,6
49,28,EWR,EZE,LAT,6
59,15,DEN,DUB,EURO,7
72,1,DEN,ORD,Midwest,1
32,5,EWR,DEN,Snow,3
73,1,EWR,ORD,Midwest,1
29,34,IAH,MEX,LAT,7
7,9,ORD,TPA,Sun,8
37,13,LAX,CVG,EURO,7
56,17,SFO,MUC,EURO,6
82,19,EWR,BHM,EURO,8
62,4,DEN,IAH,Sun,4
62,29,IAH,GRU,LAT,13
80,21,IAD,NRT,ASIA,10
55,23,LAX,PVG,ASIA,7
83,13,EWR,CVG,EURO,7
82,16,EWR,BRU,EURO,8
55,18,EWR,FRA,EURO,12
63,2,LAX,LAX,Sun,6
44,19,ORD,BHM,EURO,8
63,30,LAX,GIG,LAT,10
3,5,LAX,DEN,Snow,4
97,6,LAX,IAD,East,3
96,28,SFO,EZE,LAT,6
1,7,IAH,EWR,East,7
59,29,ORD,GRU,LAT,7
53,21,DEN,NRT,ASIA,9
9,28,ORD,EZE,LAT,10
76,7,ORD,EWR,East,2
58,4,IAH,IAH,Sun,8
85,3,SFO,SFO,West,3
46,28,IAH,EZE,LAT,8
74,32,LAX,SCL,LAT,6
19,2,LAX,LAX,Sun,11
13,11,EWR,RSW,Sun,5
38,21,SFO,NRT,ASIA,7
96,20,EWR,ICN,ASIA,7
87,21,IAH,NRT,ASIA,6
19,21,ORD,NRT,ASIA,8
50,31,ORD,BOG,LAT,9
46,31,SFO,BOG,LAT,8
3,14,LAX,AMS,EURO,9
60,13,IAD,CVG,EURO,9
85,12,SFO,LHR,EURO,3
98,3,IAD,SFO,West,1
10,27,EWR,SIN,ASIA,6
15,21,IAD,NRT,ASIA,4
75,4,IAH,IAH,Sun,3
10,6,IAH,IAD,East,3
98,22,IAH,KIX,ASIA,16
3,29,ORD,GRU,LAT,4
86,7,LAX,EWR,East,2
23,25,ORD,PEK,ASIA,7
16,19,DEN,BHM,EURO,10
87,14,SFO,AMS,EURO,7
85,29,ORD,GRU,LAT,6
10,25,SFO,PEK,ASIA,6
48,5,LAX,DEN,Snow,2
91,1,EWR,ORD,Midwest,4
96,18,ORD,FRA,EURO,5
56,14,LAX,AMS,EURO,6
27,18,EWR,FRA,EURO,7
5,24,SFO,HKG,ASIA,4
58,21,DEN,NRT,ASIA,8
2,31,DEN,BOG,LAT,14
7,27,IAD,SIN,ASIA,5
81,34,EWR,MEX,LAT,6
69,3,DEN,SFO,West,3
11,30,ORD,GIG,LAT,6
77,17,IAH,MUC,EURO,10
30,5,IAD,DEN,Snow,2
71,24,DEN,HKG,ASIA,6
10,26,DEN,TPE,ASIA,6
79,31,DEN,BOG,LAT,5
32,24,DEN,HKG,ASIA,5
56,9,SFO,TPA,Sun,4
60,24,IAH,HKG,ASIA,4
20,18,DEN,FRA,EURO,9
66,10,IAD,MIA,Sun,6
31,34,IAD,MEX,LAT,7
66,32,IAD,SCL,LAT,9
12,22,DEN,KIX,ASIA,11
82,3,LAX,SFO,West,1
57,7,EWR,EWR,East,4
4,32,LAX,SCL,LAT,12
90,15,DEN,DUB,EURO,7
70,11,ORD,RSW,Sun,3
65,8,DEN,MCO,Sun,2
22,3,ORD,SFO,West,1
36,33,EWR,TGU,LAT,7
58,34,LAX,MEX,LAT,9
39,9,LAX,TPA,Sun,7
61,4,DEN,IAH,Sun,5
79,11,IAH,RSW,Sun,4
13,26,IAD,TPE,ASIA,9
55,22,LAX,KIX,ASIA,7
19,26,IAH,TPE,ASIA,8
16,14,LAX,AMS,EURO,10
48,24,EWR,HKG,ASIA,6
66,9,EWR,TPA,Sun,6
39,4,DEN,IAH,Sun,7
75,26,IAD,TPE,ASIA,15
78,2,IAD,LAX,Sun,5
27,13,IAH,CVG,EURO,7
53,17,DEN,MUC,EURO,9
4,24,ORD,HKG,ASIA,9
32,15,LAX,DUB,EURO,8
40,14,EWR,AMS,EURO,16
4,14,IAD,AMS,EURO,6
50,27,ORD,SIN,ASIA,9
26,16,ORD,BRU,EURO,9
14,4,IAD,IAH,Sun,9
12,4,DEN,IAH,Sun,5
48,12,IAD,LHR,EURO,10
9,13,EWR,CVG,EURO,16
23,21,EWR,NRT,ASIA,7
79,9,IAD,TPA,Sun,4
70,31,SFO,BOG,LAT,7
91,1,SFO,ORD,Midwest,4
60,32,SFO,SCL,LAT,7
10,34,IAD,MEX,LAT,10
2,9,DEN,TPA,Sun,4
68,24,IAD,HKG,ASIA,8
36,23,EWR,PVG,ASIA,11
56,29,SFO,GRU,LAT,6
64,6,ORD,IAD,East,2
64,8,SFO,MCO,Sun,4
74,25,LAX,PEK,ASIA,8
38,17,SFO,MUC,EURO,9
95,1,IAH,ORD,Midwest,2
26,28,IAD,EZE,LAT,6
84,10,IAH,MIA,Sun,3
81,30,LAX,GIG,LAT,6
91,6,SFO,IAD,East,4
20,10,EWR,MIA,Sun,3
8,14,LAX,AMS,EURO,11
39,3,DEN,SFO,West,2
18,6,DEN,IAD,East,4
40,17,DEN,MUC,EURO,16
18,6,ORD,IAD,East,4
14,18,SFO,FRA,EURO,13
68,21,SFO,NRT,ASIA,8
84,12,LAX,LHR,EURO,7
77,14,ORD,AMS,EURO,10
67,18,IAH,FRA,EURO,10
77,19,ORD,BHM,EURO,10
76,20,LAX,ICN,ASIA,6
93,16,LAX,BRU,EURO,6
38,23,EWR,PVG,ASIA,7
8,21,IAH,NRT,ASIA,9
31,17,IAD,MUC,EURO,9
46,4,DEN,IAH,Sun,6
30,2,IAD,LAX,Sun,11
24,3,IAD,SFO,West,1
75,3,IAD,SFO,West,2
70,22,IAH,KIX,ASIA,9
69,3,EWR,SFO,West,3
46,1,DEN,ORD,Midwest,1
93,30,DEN,GIG,LAT,5
68,20,ORD,ICN,ASIA,8
2,28,IAD,EZE,LAT,14
90,19,IAD,BHM,EURO,7
26,12,SFO,LHR,EURO,9
66,18,LAX,FRA,EURO,6
88,27,SFO,SIN,ASIA,8
48,15,DEN,DUB,EURO,10
30,31,ORD,BOG,LAT,3
67,5,DEN,DEN,Snow,3
24,27,DEN,SIN,ASIA,4
75,30,IAD,GIG,LAT,5
11,14,ORD,AMS,EURO,11
18,28,LAX,EZE,LAT,12
44,15,DEN,DUB,EURO,8
85,31,SFO,BOG,LAT,6
59,32,ORD,SCL,LAT,7
16,34,EWR,MEX,LAT,9
49,19,SFO,BHM,EURO,2
64,4,ORD,IAH,Sun,4
78,28,ORD,EZE,LAT,5
78,15,LAX,DUB,EURO,8
19,7,EWR,EWR,East,4
75,22,ORD,KIX,ASIA,15
67,5,EWR,DEN,Snow,3
18,30,EWR,GIG,LAT,12
28,1,IAD,ORD,Midwest,2
58,4,SFO,IAH,Sun,8
15,16,SFO,BRU,EURO,5
41,5,DEN,DEN,Snow,2
73,22,EWR,KIX,ASIA,6
78,9,IAH,TPA,Sun,5
50,33,LAX,TGU,LAT,9
8,22,IAD,KIX,ASIA,9
79,30,SFO,GIG,LAT,5
9,17,ORD,MUC,EURO,16
9,7,IAD,EWR,East,2
12,1,LAX,ORD,Midwest,3
6,21,EWR,NRT,ASIA,13
78,19,ORD,BHM,EURO,8
34,22,IAH,KIX,ASIA,10
33,18,LAX,FRA,EURO,6
3,13,EWR,CVG,EURO,9
36,14,SFO,AMS,EURO,8
40,17,LAX,MUC,EURO,16
83,5,IAD,DEN,Snow,1
38,22,LAX,KIX,ASIA,7
45,3,DEN,SFO,West,3
94,11,LAX,RSW,Sun,7
25,8,IAD,MCO,Sun,4
43,15,SFO,DUB,EURO,6
85,33,SFO,TGU,LAT,6
97,1,ORD,ORD,Midwest,1
11,3,IAD,SFO,West,1
89,28,EWR,EZE,LAT,11
79,16,SFO,BRU,EURO,4
26,17,LAX,MUC,EURO,9
42,18,EWR,FRA,EURO,5
27,6,IAH,IAD,East,1
10,16,EWR,BRU,EURO,7
2,34,SFO,MEX,LAT,14
21,13,IAH,CVG,EURO,7
18,3,EWR,SFO,West,3
74,8,EWR,MCO,Sun,2
13,13,IAD,CVG,EURO,9
69,20,IAD,ICN,ASIA,12
16,34,LAX,MEX,LAT,9
11,30,ORD,GIG,LAT,6
6,25,IAH,PEK,ASIA,13
42,6,IAH,IAD,East,1
9,14,SFO,AMS,EURO,16
25,33,SFO,TGU,LAT,5
79,3,IAH,SFO,West,2
78,1,SFO,ORD,Midwest,3
33,27,DEN,SIN,ASIA,5
32,14,DEN,AMS,EURO,8
8,13,IAH,CVG,EURO,11
65,5,SFO,DEN,Snow,1
30,27,IAD,SIN,ASIA,9
40,14,ORD,AMS,EURO,16
42,8,IAH,MCO,Sun,8
40,24,SFO,HKG,ASIA,8
53,20,EWR,ICN,ASIA,9
40,23,IAH,PVG,ASIA,8
44,22,ORD,KIX,ASIA,8
29,28,IAH,EZE,LAT,7
17,33,IAH,TGU,LAT,7
1,22,IAD,KIX,ASIA,6
55,18,IAH,FRA,EURO,12
90,32,IAD,SCL,LAT,4
87,30,DEN,GIG,LAT,12
83,1,LAX,ORD,Midwest,3
59,24,EWR,HKG,ASIA,4
93,22,ORD,KIX,ASIA,10
51,3,IAD,SFO,West,1
11,17,IAD,MUC,EURO,11
31,18,EWR,FRA,EURO,9
87,17,LAX,MUC,EURO,7
26,7,IAD,EWR,East,3
84,25,DEN,PEK,ASIA,11
62,24,IAD,HKG,ASIA,6
69,24,DEN,HKG,ASIA,12
85,26,ORD,TPE,ASIA,7
93,9,EWR,TPA,Sun,14
78,26,DEN,TPE,ASIA,6
3,3,LAX,SFO,West,2
36,3,ORD,SFO,West,1
78,13,IAH,CVG,EURO,8
94,28,IAH,EZE,LAT,8
40,25,SFO,PEK,ASIA,8
19,17,IAD,MUC,EURO,11
15,10,EWR,MIA,Sun,4
32,11,EWR,RSW,Sun,8
94,34,IAH,MEX,LAT,8
19,23,IAD,PVG,ASIA,8
79,26,DEN,TPE,ASIA,5
12,21,LAX,NRT,ASIA,11
96,3,IAH,SFO,West,1
80,18,ORD,FRA,EURO,4
13,12,ORD,LHR,EURO,9
54,28,LAX,EZE,LAT,9
23,34,IAH,MEX,LAT,6
13,18,LAX,FRA,EURO,9
31,30,LAX,GIG,LAT,7
15,18,ORD,FRA,EURO,5
2,18,DEN,FRA,EURO,4
55,23,IAD,PVG,ASIA,7
53,27,ORD,SIN,ASIA,9
46,13,IAH,CVG,EURO,8
96,5,DEN,DEN,Snow,2
37,7,IAD,EWR,East,2
85,17,IAH,MUC,EURO,3
67,32,IAH,SCL,LAT,8
62,28,SFO,EZE,LAT,13
5,13,LAX,CVG,EURO,6
82,16,SFO,BRU,EURO,8
54,25,DEN,PEK,ASIA,11
30,23,EWR,PVG,ASIA,9
15,17,ORD,MUC,EURO,5
30,17,LAX,MUC,EURO,9
68,23,EWR,PVG,ASIA,8
87,34,EWR,MEX,LAT,12
59,5,EWR,DEN,Snow,2
89,34,LAX,MEX,LAT,11
58,30,IAD,GIG,LAT,9
83,18,DEN,FRA,EURO,7
12,26,SFO,TPE,ASIA,11
69,29,LAX,GRU,LAT,8
1,1,LAX,ORD,Midwest,3
67,8,EWR,MCO,Sun,4
31,31,LAX,BOG,LAT,7
51,32,SFO,SCL,LAT,7
22,15,LAX,DUB,EURO,13
45,23,IAD,PVG,ASIA,9
37,32,DEN,SCL,LAT,5
19,5,IAD,DEN,Snow,1
35,30,IAD,GIG,LAT,9
52,19,SFO,BHM,EURO,8
52,6,EWR,IAD,East,4
37,13,LAX,CVG,EURO,7
6,9,ORD,TPA,Sun,6
78,20,DEN,ICN,ASIA,6
20,23,IAD,PVG,ASIA,2
87,16,IAH,BRU,EURO,7
57,6,ORD,IAD,East,4
4,33,ORD,TGU,LAT,12
8,5,SFO,DEN,Snow,1
12,30,LAX,GIG,LAT,3
92,5,ORD,DEN,Snow,2
98,22,LAX,KIX,ASIA,16
67,8,IAD,MCO,Sun,4
18,5,EWR,DEN,Snow,3
13,19,ORD,BHM,EURO,9
78,5,ORD,DEN,Snow,1
98,12,IAH,LHR,EURO,10
45,14,EWR,AMS,EURO,5
63,12,IAH,LHR,EURO,3
35,15,DEN,DUB,EURO,4
6,24,IAD,HKG,ASIA,13
53,8,DEN,MCO,Sun,7
62,6,IAH,IAD,East,5
51,17,IAD,MUC,EURO,4
53,30,ORD,GIG,LAT,7
60,3,IAH,SFO,West,2
64,3,IAH,SFO,West,2
8,21,DEN,NRT,ASIA,9
9,2,IAD,LAX,Sun,3
78,27,IAH,SIN,ASIA,6
34,3,IAH,SFO,West,2
30,33,IAH,TGU,LAT,3
18,34,IAD,MEX,LAT,12
18,25,EWR,PEK,ASIA,4
95,25,LAX,PEK,ASIA,10
1,6,EWR,IAD,East,7
68,13,EWR,CVG,EURO,8
95,4,SFO,IAH,Sun,4
65,24,EWR,HKG,ASIA,7
74,6,EWR,IAD,East,3
15,1,ORD,ORD,Midwest,1
36,8,DEN,MCO,Sun,4
61,5,EWR,DEN,Snow,2
35,26,LAX,TPE,ASIA,11
80,20,SFO,ICN,ASIA,10
91,12,DEN,LHR,EURO,8
90,34,LAX,MEX,LAT,4
44,6,DEN,IAD,East,2
31,4,LAX,IAH,Sun,4
53,14,SFO,AMS,EURO,9
10,31,IAD,BOG,LAT,10
48,12,LAX,LHR,EURO,10
60,29,IAD,GRU,LAT,7
88,13,IAH,CVG,EURO,3
39,21,IAH,NRT,ASIA,11
85,7,EWR,EWR,East,2
60,14,DEN,AMS,EURO,9
21,14,IAH,AMS,EURO,7
53,30,EWR,GIG,LAT,7
97,30,EWR,GIG,LAT,5
59,25,IAD,PEK,ASIA,4
25,21,IAD,NRT,ASIA,12
75,5,EWR,DEN,Snow,3
8,27,DEN,SIN,ASIA,9
75,27,IAD,SIN,ASIA,15
67,16,IAH,BRU,EURO,10
53,14,SFO,AMS,EURO,9
21,14,ORD,AMS,EURO,7
35,12,IAH,LHR,EURO,4
31,6,DEN,IAD,East,3
93,4,EWR,IAH,Sun,14
81,28,ORD,EZE,LAT,6
16,18,SFO,FRA,EURO,10
56,33,IAH,TGU,LAT,6
46,29,ORD,GRU,LAT,8
58,11,IAH,RSW,Sun,8
92,11,LAX,RSW,Sun,5
31,6,ORD,IAD,East,3
66,18,ORD,FRA,EURO,6
66,34,IAD,MEX,LAT,9
23,8,LAX,MCO,Sun,7
32,34,IAD,MEX,LAT,6
11,24,IAH,HKG,ASIA,7
92,26,DEN,TPE,ASIA,12
20,10,IAH,MIA,Sun,3
70,27,DEN,SIN,ASIA,9
72,17,SFO,MUC,EURO,6
66,6,SFO,IAD,East,3
98,18,DEN,FRA,EURO,10
76,14,SFO,AMS,EURO,6
78,33,ORD,TGU,LAT,5
76,14,ORD,AMS,EURO,6
3,6,ORD,IAD,East,3
56,22,ORD,KIX,ASIA,6
34,21,ORD,NRT,ASIA,10
69,2,EWR,LAX,Sun,3
84,2,IAH,LAX,Sun,3
14,15,EWR,DUB,EURO,13
23,24,ORD,HKG,ASIA,7
40,12,ORD,LHR,EURO,16
73,3,ORD,SFO,West,3
80,10,SFO,MIA,Sun,7
92,26,SFO,TPE,ASIA,12
41,2,IAH,LAX,Sun,4
8,19,IAD,BHM,EURO,11
24,27,SFO,SIN,ASIA,4
7,5,SFO,DEN,Snow,3
4,19,ORD,BHM,EURO,6
57,5,SFO,DEN,Snow,2
42,8,IAD,MCO,Sun,8
8,16,DEN,BRU,EURO,11
29,16,IAD,BRU,EURO,7
57,33,ORD,TGU,LAT,8
8,17,ORD,MUC,EURO,11
3,16,IAH,BRU,EURO,9
21,15,EWR,DUB,EURO,7
76,31,DEN,BOG,LAT,5
69,5,ORD,DEN,Snow,1
39,24,IAD,HKG,ASIA,11
30,2,LAX,LAX,Sun,11
29,1,SFO,ORD,Midwest,3
33,34,SFO,MEX,LAT,6
21,10,ORD,MIA,Sun,8
62,4,IAH,IAH,Sun,4
31,15,LAX,DUB,EURO,9
13,19,IAD,BHM,EURO,9
14,24,ORD,HKG,ASIA,4
29,18,DEN,FRA,EURO,7
86,15,EWR,DUB,EURO,3
87,32,DEN,SCL,LAT,12
58,29,LAX,GRU,LAT,9
91,7,SFO,EWR,East,4
65,2,IAH,LAX,Sun,2
82,32,IAH,SCL,LAT,6
68,19,IAH,BHM,EURO,8
81,16,DEN,BRU,EURO,9
17,24,IAH,HKG,ASIA,7
38,7,IAH,EWR,East,1
15,8,ORD,MCO,Sun,4
69,17,ORD,MUC,EURO,10
44,23,IAD,PVG,ASIA,8
32,30,ORD,GIG,LAT,6
76,3,LAX,SFO,West,2
28,15,ORD,DUB,EURO,8
35,10,IAH,MIA,Sun,4
65,3,ORD,SFO,West,3
94,8,IAD,MCO,Sun,7
98,27,EWR,SIN,ASIA,16
18,12,EWR,LHR,EURO,5
65,23,ORD,PVG,ASIA,7
42,8,ORD,MCO,Sun,8
9,18,ORD,FRA,EURO,16
43,4,LAX,IAH,Sun,3
25,29,IAH,GRU,LAT,5
34,26,EWR,TPE,ASIA,10
25,33,IAH,TGU,LAT,5
89,13,EWR,CVG,EURO,8
2,28,ORD,EZE,LAT,14
50,24,SFO,HKG,ASIA,9
27,18,ORD,FRA,EURO,7
69,30,ORD,GIG,LAT,8
50,33,ORD,TGU,LAT,9
98,29,LAX,GRU,LAT,3
1,6,IAH,IAD,East,7
1,7,EWR,EWR,East,7
55,14,IAD,AMS,EURO,12
17,11,SFO,RSW,Sun,4
49,16,IAD,BRU,EURO,2
13,21,IAD,NRT,ASIA,9
15,27,ORD,SIN,ASIA,4
27,33,ORD,TGU,LAT,5
31,25,DEN,PEK,ASIA,6
44,4,IAD,IAH,Sun,5
33,4,LAX,IAH,Sun,8
81,11,EWR,RSW,Sun,8
23,30,EWR,GIG,LAT,6
33,4,LAX,IAH,Sun,8
4,21,LAX,NRT,ASIA,9
41,6,DEN,IAD,East,1
39,18,ORD,FRA,EURO,10
38,33,ORD,TGU,LAT,4
1,31,IAH,BOG,LAT,7
52,6,DEN,IAD,East,4
92,26,LAX,TPE,ASIA,12
85,3,IAD,SFO,West,3
69,14,DEN,AMS,EURO,10
35,25,ORD,PEK,ASIA,11
86,20,EWR,ICN,ASIA,8
26,3,LAX,SFO,West,1
42,24,IAD,HKG,ASIA,10
45,17,IAD,MUC,EURO,5
67,23,SFO,PVG,ASIA,6
95,14,IAD,AMS,EURO,5
53,30,ORD,GIG,LAT,7
94,5,SFO,DEN,Snow,1
22,8,LAX,MCO,Sun,7
79,33,ORD,TGU,LAT,5
75,1,ORD,ORD,Midwest,1
44,13,IAH,CVG,EURO,8
85,3,DEN,SFO,West,3
47,15,SFO,DUB,EURO,4
94,9,IAH,TPA,Sun,7
21,10,IAH,MIA,Sun,8
1,28,ORD,EZE,LAT,7
42,25,IAH,PEK,ASIA,10
36,18,EWR,FRA,EURO,8
9,28,LAX,EZE,LAT,10
69,20,DEN,ICN,ASIA,12
90,5,IAH,DEN,Snow,2
48,8,IAD,MCO,Sun,4
12,20,SFO,ICN,ASIA,11
16,3,DEN,SFO,West,2
27,32,EWR,SCL,LAT,5
15,7,IAD,EWR,East,1
61,16,SFO,BRU,EURO,3
82,21,IAH,NRT,ASIA,10
61,8,LAX,MCO,Sun,5
21,14,LAX,AMS,EURO,7
73,18,DEN,FRA,EURO,8
90,32,IAD,SCL,LAT,4
9,31,IAH,BOG,LAT,10
12,13,EWR,CVG,EURO,5
33,9,ORD,TPA,Sun,8
9,17,LAX,MUC,EURO,16
43,15,SFO,DUB,EURO,6
65,31,DEN,BOG,LAT,10
30,1,LAX,ORD,Midwest,3
88,33,LAX,TGU,LAT,5
29,24,IAH,HKG,ASIA,6
9,17,IAD,MUC,EURO,16
93,20,ORD,ICN,ASIA,10
71,13,IAH,CVG,EURO,6
53,9,LAX,TPA,Sun,7
67,19,EWR,BHM,EURO,10
69,31,IAH,BOG,LAT,8
70,29,DEN,GRU,LAT,7
60,15,LAX,DUB,EURO,9
94,27,SFO,SIN,ASIA,5
35,20,LAX,ICN,ASIA,11
91,22,DEN,KIX,ASIA,6
92,21,IAD,NRT,ASIA,12
46,19,SFO,BHM,EURO,8
91,23,IAH,PVG,ASIA,6
67,18,LAX,FRA,EURO,10
61,16,ORD,BRU,EURO,3
31,25,IAH,PEK,ASIA,6
15,13,LAX,CVG,EURO,5
12,7,IAH,EWR,East,3
63,5,ORD,DEN,Snow,4
28,28,LAX,EZE,LAT,3
75,16,EWR,BRU,EURO,7
7,31,SFO,BOG,LAT,4
1,1,EWR,ORD,Midwest,3
59,14,IAD,AMS,EURO,7
22,10,DEN,MIA,Sun,7
54,3,SFO,SFO,West,1
29,6,DEN,IAD,East,3
33,19,SFO,BHM,EURO,6
46,20,EWR,ICN,ASIA,9
47,29,ORD,GRU,LAT,6
13,23,IAD,PVG,ASIA,9
60,14,ORD,AMS,EURO,9
82,25,DEN,PEK,ASIA,10
12,5,DEN,DEN,Snow,1
3,29,SFO,GRU,LAT,4
3,7,IAD,EWR,East,3
58,30,LAX,GIG,LAT,9
77,22,ORD,KIX,ASIA,3
69,19,SFO,BHM,EURO,10
34,20,LAX,ICN,ASIA,10
54,5,DEN,DEN,Snow,2
13,1,EWR,ORD,Midwest,1
19,2,LAX,LAX,Sun,11
1,3,IAH,SFO,West,1
17,7,IAD,EWR,East,3
52,17,DEN,MUC,EURO,8
96,26,SFO,TPE,ASIA,7
39,8,EWR,MCO,Sun,7
63,33,IAD,TGU,LAT,10
90,3,SFO,SFO,West,1
81,4,IAD,IAH,Sun,8
34,30,IAH,GIG,LAT,6
55,8,IAD,MCO,Sun,5
2,31,LAX,BOG,LAT,14
62,20,DEN,ICN,ASIA,6
82,10,IAH,MIA,Sun,5
72,22,IAH,KIX,ASIA,8
34,25,EWR,PEK,ASIA,10
24,32,ORD,SCL,LAT,4
5,14,DEN,AMS,EURO,6
95,6,DEN,IAD,East,2
40,7,ORD,EWR,East,3
10,12,DEN,LHR,EURO,7
40,15,IAD,DUB,EURO,16
98,26,IAH,TPE,ASIA,16
2,7,ORD,EWR,East,3
42,21,SFO,NRT,ASIA,10
80,23,EWR,PVG,ASIA,10
65,7,SFO,EWR,East,3
9,27,DEN,SIN,ASIA,6
9,14,EWR,AMS,EURO,16
20,17,IAD,MUC,EURO,9
1,5,EWR,DEN,Snow,2
39,2,LAX,LAX,Sun,7
95,34,ORD,MEX,LAT,5
23,15,LAX,DUB,EURO,9
53,4,IAD,IAH,Sun,7
69,26,ORD,TPE,ASIA,12
21,33,LAX,TGU,LAT,4
98,26,EWR,TPE,ASIA,16
58,3,IAH,SFO,West,2
64,27,IAD,SIN,ASIA,4
8,16,ORD,BRU,EURO,11
14,2,LAX,LAX,Sun,9
11,15,SFO,DUB,EURO,11
92,5,IAD,DEN,Snow,2
75,14,DEN,AMS,EURO,7
47,28,LAX,EZE,LAT,6
22,7,IAH,EWR,East,2
14,17,EWR,MUC,EURO,13
45,8,SFO,MCO,Sun,3
36,31,IAH,BOG,LAT,7
39,11,IAD,RSW,Sun,7
14,5,LAX,DEN,Snow,1
46,8,ORD,MCO,Sun,6
7,14,LAX,AMS,EURO,14
84,24,DEN,HKG,ASIA,11
21,17,EWR,MUC,EURO,7
77,26,ORD,TPE,ASIA,3
62,29,ORD,GRU,LAT,13
74,3,EWR,SFO,West,1
66,20,SFO,ICN,ASIA,4
25,6,IAH,IAD,East,3
94,24,EWR,HKG,ASIA,5
88,18,IAH,FRA,EURO,3
29,10,EWR,MIA,Sun,5
31,12,IAH,LHR,EURO,9
33,3,IAH,SFO,West,2
92,28,LAX,EZE,LAT,10
70,21,EWR,NRT,ASIA,9
19,11,SFO,RSW,Sun,11
76,33,IAH,TGU,LAT,5
10,20,EWR,ICN,ASIA,6
89,13,EWR,CVG,EURO,8
89,17,LAX,MUC,EURO,8
95,12,SFO,LHR,EURO,5
11,12,DEN,LHR,EURO,11
86,6,SFO,IAD,East,2
34,30,LAX,GIG,LAT,6
91,12,ORD,LHR,EURO,8
72,3,SFO,SFO,West,2
96,2,SFO,LAX,Sun,5
18,8,DEN,MCO,Sun,6
28,23,SFO,PVG,ASIA,8
76,27,IAD,SIN,ASIA,6
44,7,IAH,EWR,East,2
64,33,DEN,TGU,LAT,5
51,27,EWR,SIN,ASIA,5
19,27,EWR,SIN,ASIA,8
37,8,IAD,MCO,Sun,9
48,33,IAH,TGU,LAT,4
48,16,DEN,BRU,EURO,10
19,15,IAD,DUB,EURO,11
17,17,LAX,MUC,EURO,6
93,11,DEN,RSW,Sun,14
55,16,SFO,BRU,EURO,12
32,16,SFO,BRU,EURO,8
61,20,EWR,ICN,ASIA,7
45,29,SFO,GRU,LAT,8
11,12,DEN,LHR,EURO,11
45,31,IAD,BOG,LAT,8
91,20,IAH,ICN,ASIA,6
21,3,EWR,SFO,West,2
67,32,ORD,SCL,LAT,8
14,8,IAH,MCO,Sun,9
24,23,EWR,PVG,ASIA,4
60,19,SFO,BHM,EURO,9
92,12,SFO,LHR,EURO,5
9,14,SFO,AMS,EURO,16
62,12,EWR,LHR,EURO,11
98,32,SFO,SCL,LAT,3
87,31,DEN,BOG,LAT,12
22,8,IAD,MCO,Sun,7
26,10,IAH,MIA,Sun,7
33,27,EWR,SIN,ASIA,5
16,15,EWR,DUB,EURO,10
67,33,IAH,TGU,LAT,8
3,13,ORD,CVG,EURO,9
23,17,SFO,MUC,EURO,9
57,12,ORD,LHR,EURO,7
7,17,EWR,MUC,EURO,14
17,6,LAX,IAD,East,3
59,5,IAD,DEN,Snow,2
7,31,LAX,BOG,LAT,4
27,5,SFO,DEN,Snow,2
6,25,IAD,PEK,ASIA,13
44,3,LAX,SFO,West,2
93,21,DEN,NRT,ASIA,10
47,6,IAD,IAD,East,3
98,6,ORD,IAD,East,2
78,19,LAX,BHM,EURO,8
74,7,DEN,EWR,East,3
92,7,EWR,EWR,East,2
23,4,LAX,IAH,Sun,7
49,1,IAD,ORD,Midwest,3
30,21,DEN,NRT,ASIA,9
47,34,DEN,MEX,LAT,6
70,16,SFO,BRU,EURO,6
3,3,ORD,SFO,West,2
68,18,DEN,FRA,EURO,8
93,11,IAD,RSW,Sun,14
93,21,IAH,NRT,ASIA,10
39,7,ORD,EWR,East,2
25,15,LAX,DUB,EURO,5
71,26,EWR,TPE,ASIA,6
71,11,SFO,RSW,Sun,5
33,8,ORD,MCO,Sun,8
60,8,SFO,MCO,Sun,3
29,33,DEN,TGU,LAT,7
92,9,EWR,TPA,Sun,5
14,17,EWR,MUC,EURO,13
49,34,LAX,MEX,LAT,6
34,27,EWR,SIN,ASIA,10
39,23,EWR,PVG,ASIA,11
54,29,ORD,GRU,LAT,9
78,9,EWR,TPA,Sun,5
5,23,LAX,PVG,ASIA,4
45,25,EWR,PEK,ASIA,9
50,9,IAD,TPA,Sun,3
32,31,ORD,BOG,LAT,6
55,8,SFO,MCO,Sun,5
31,15,IAH,DUB,EURO,9
42,26,SFO,TPE,ASIA,10
10,19,LAX,BHM,EURO,7
47,7,SFO,EWR,East,3
34,21,IAH,NRT,ASIA,10
91,9,DEN,TPA,Sun,7
80,32,IAD,SCL,LAT,6
32,13,SFO,CVG,EURO,8
41,31,SFO,BOG,LAT,10
55,16,ORD,BRU,EURO,12
81,31,IAD,BOG,LAT,6
22,25,DEN,PEK,ASIA,3
77,33,EWR,TGU,LAT,4
45,20,IAD,ICN,ASIA,9
2,22,EWR,KIX,ASIA,3
66,26,DEN,TPE,ASIA,4
34,33,IAD,TGU,LAT,6
44,29,IAH,GRU,LAT,6
96,24,LAX,HKG,ASIA,7
72,12,IAH,LHR,EURO,6
13,20,EWR,ICN,ASIA,9
27,19,LAX,BHM,EURO,7
48,25,ORD,PEK,ASIA,6
83,1,EWR,ORD,Midwest,3
21,23,IAD,PVG,ASIA,6
64,8,ORD,MCO,Sun,4
54,32,LAX,SCL,LAT,9
13,29,IAD,GRU,LAT,5
51,11,ORD,RSW,Sun,5
49,20,LAX,ICN,ASIA,10
7,13,IAD,CVG,EURO,14
26,19,EWR,BHM,EURO,9
45,22,DEN,KIX,ASIA,9
73,11,DEN,RSW,Sun,6
10,30,IAH,GIG,LAT,10
16,34,DEN,MEX,LAT,9
89,17,LAX,MUC,EURO,8
63,10,IAH,MIA,Sun,6
91,17,LAX,MUC,EURO,8
49,29,EWR,GRU,LAT,6
74,30,ORD,GIG,LAT,6
75,23,EWR,PVG,ASIA,15
80,19,SFO,BHM,EURO,4
74,15,IAH,DUB,EURO,5
80,26,IAH,TPE,ASIA,10
98,13,ORD,CVG,EURO,10
81,6,DEN,IAD,East,1
16,28,IAH,EZE,LAT,9
77,34,IAH,MEX,LAT,4
27,16,LAX,BRU,EURO,7
44,1,LAX,ORD,Midwest,3
67,3,SFO,SFO,West,1
94,33,LAX,TGU,LAT,8
46,17,SFO,MUC,EURO,8
23,8,IAH,MCO,Sun,7
35,29,LAX,GRU,LAT,9
67,22,ORD,KIX,ASIA,6
34,7,EWR,EWR,East,2
54,23,DEN,PVG,ASIA,11
92,31,EWR,BOG,LAT,10
81,10,EWR,MIA,Sun,8
31,14,LAX,AMS,EURO,9
49,3,IAH,SFO,West,2
47,28,SFO,EZE,LAT,6
27,19,EWR,BHM,EURO,7
83,26,LAX,TPE,ASIA,6
56,14,EWR,AMS,EURO,6
98,21,LAX,NRT,ASIA,16
1,14,LAX,AMS,EURO,8
46,8,ORD,MCO,Sun,6
28,20,LAX,ICN,ASIA,8
66,29,EWR,GRU,LAT,9
23,3,DEN,SFO,West,1
18,34,SFO,MEX,LAT,12
83,28,DEN,EZE,LAT,3
82,6,LAX,IAD,East,1
11,20,IAD,ICN,ASIA,7
14,22,DEN,KIX,ASIA,4
92,11,DEN,RSW,Sun,5
68,1,EWR,ORD,Midwest,1
48,18,SFO,FRA,EURO,10
72,20,SFO,ICN,ASIA,8
29,14,IAD,AMS,EURO,7
24,8,EWR,MCO,Sun,6
88,29,IAD,GRU,LAT,5
54,2,DEN,LAX,Sun,4
17,21,DEN,NRT,ASIA,7
36,32,IAD,SCL,LAT,7
40,33,IAH,TGU,LAT,4
32,15,DEN,DUB,EURO,8
1,15,EWR,DUB,EURO,8
78,21,IAH,NRT,ASIA,6
6,27,ORD,SIN,ASIA,13
39,18,DEN,FRA,EURO,10
60,21,DEN,NRT,ASIA,4
63,28,LAX,EZE,LAT,10
26,2,IAD,LAX,Sun,7
70,17,EWR,MUC,EURO,6
83,4,DEN,IAH,Sun,4
92,21,ORD,NRT,ASIA,12
51,28,LAX,EZE,LAT,7
82,33,IAH,TGU,LAT,6
65,28,LAX,EZE,LAT,10
57,34,ORD,MEX,LAT,8
90,20,IAH,ICN,ASIA,6
65,17,LAX,MUC,EURO,8
83,2,SFO,LAX,Sun,4
36,32,SFO,SCL,LAT,7
24,20,LAX,ICN,ASIA,4
25,20,DEN,ICN,ASIA,12
33,32,IAD,SCL,LAT,6
66,12,ORD,LHR,EURO,6
58,6,ORD,IAD,East,3
58,3,DEN,SFO,West,2
37,20,ORD,ICN,ASIA,9
69,33,DEN,TGU,LAT,8
77,17,IAH,MUC,EURO,10
54,29,IAD,GRU,LAT,9
13,16,ORD,BRU,EURO,9
88,22,LAX,KIX,ASIA,8
57,17,EWR,MUC,EURO,7
92,21,ORD,NRT,ASIA,12
97,31,ORD,BOG,LAT,5
72,29,IAD,GRU,LAT,4
47,1,IAD,ORD,Midwest,2
41,34,LAX,MEX,LAT,10
26,21,LAX,NRT,ASIA,8
44,4,SFO,IAH,Sun,5
57,7,SFO,EWR,East,4
55,19,IAH,BHM,EURO,12
79,5,SFO,DEN,Snow,1
65,12,ORD,LHR,EURO,8
10,33,DEN,TGU,LAT,10
35,31,DEN,BOG,LAT,9
57,1,IAH,ORD,Midwest,2
53,27,EWR,SIN,ASIA,9
47,8,LAX,MCO,Sun,3
14,7,SFO,EWR,East,3
62,32,IAD,SCL,LAT,13
70,20,DEN,ICN,ASIA,9
31,25,IAH,PEK,ASIA,6
88,33,LAX,TGU,LAT,5
69,31,DEN,BOG,LAT,8
12,30,EWR,GIG,LAT,3
45,34,SFO,MEX,LAT,8
84,20,SFO,ICN,ASIA,11
76,28,LAX,EZE,LAT,5
42,2,DEN,LAX,Sun,8
74,8,SFO,MCO,Sun,2
23,22,EWR,KIX,ASIA,7
24,32,IAD,SCL,LAT,4
35,34,EWR,MEX,LAT,9
87,18,LAX,FRA,EURO,7
16,33,LAX,TGU,LAT,9
40,17,ORD,MUC,EURO,16
43,27,SFO,SIN,ASIA,5
29,16,SFO,BRU,EURO,7
6,8,LAX,MCO,Sun,6
65,14,EWR,AMS,EURO,8
26,14,ORD,AMS,EURO,9
96,28,EWR,EZE,LAT,6
50,33,LAX,TGU,LAT,9
79,11,IAD,RSW,Sun,4
3,5,IAD,DEN,Snow,4
87,34,IAH,MEX,LAT,12
2,34,ORD,MEX,LAT,14
71,22,IAD,KIX,ASIA,6
57,33,IAH,TGU,LAT,8
62,33,LAX,TGU,LAT,13
66,22,IAH,KIX,ASIA,4
12,2,LAX,LAX,Sun,5
57,19,SFO,BHM,EURO,7
68,31,DEN,BOG,LAT,11
32,25,DEN,PEK,ASIA,5
8,22,IAH,KIX,ASIA,9
73,23,ORD,PVG,ASIA,6
31,17,IAH,MUC,EURO,9
1,11,SFO,RSW,Sun,4
40,19,LAX,BHM,EURO,16
68,32,IAH,SCL,LAT,11
98,27,IAD,SIN,ASIA,16
91,1,ORD,ORD,Midwest,4
33,12,IAH,LHR,EURO,6
23,2,IAD,LAX,Sun,7
2,21,ORD,NRT,ASIA,3
93,3,IAD,SFO,West,1
58,7,DEN,EWR,East,3
6,27,ORD,SIN,ASIA,13
25,20,EWR,ICN,ASIA,12
36,16,SFO,BRU,EURO,8
26,7,ORD,EWR,East,3
19,7,ORD,EWR,East,4
88,8,SFO,MCO,Sun,3
14,28,IAH,EZE,LAT,8
21,24,IAD,HKG,ASIA,6
47,20,IAH,ICN,ASIA,5
5,22,SFO,KIX,ASIA,4
44,19,EWR,BHM,EURO,8
1,19,LAX,BHM,EURO,8
17,25,ORD,PEK,ASIA,7
53,32,LAX,SCL,LAT,7
45,14,SFO,AMS,EURO,5
39,18,LAX,FRA,EURO,10
72,12,IAD,LHR,EURO,6
7,4,EWR,IAH,Sun,8
76,24,DEN,HKG,ASIA,6
78,1,IAD,ORD,Midwest,3
29,23,IAH,PVG,ASIA,6
85,23,EWR,PVG,ASIA,7
83,25,LAX,PEK,ASIA,6
37,32,DEN,SCL,LAT,5
22,13,SFO,CVG,EURO,13
65,28,SFO,EZE,LAT,10
57,22,IAD,KIX,ASIA,7
30,23,ORD,PVG,ASIA,9
75,26,EWR,TPE,ASIA,15
3,5,IAH,DEN,Snow,4
52,34,LAX,MEX,LAT,3
44,1,DEN,ORD,Midwest,3
62,18,DEN,FRA,EURO,11
69,13,IAD,CVG,EURO,10
44,28,IAH,EZE,LAT,6
93,11,ORD,RSW,Sun,14
33,25,EWR,PEK,ASIA,5
14,29,IAD,GRU,LAT,8
2,29,LAX,GRU,LAT,14
82,21,EWR,NRT,ASIA,10
80,30,ORD,GIG,LAT,6
59,33,SFO,TGU,LAT,7
59,17,EWR,MUC,EURO,7
50,22,EWR,KIX,ASIA,9
53,24,IAD,HKG,ASIA,9
9,7,EWR,EWR,East,2
52,32,ORD,SCL,LAT,3
65,27,SFO,SIN,ASIA,7
57,27,DEN,SIN,ASIA,7
43,34,IAD,MEX,LAT,7
56,9,LAX,TPA,Sun,4
43,25,IAD,PEK,ASIA,5
87,20,IAD,ICN,ASIA,6
49,31,DEN,BOG,LAT,6
18,6,SFO,IAD,East,4
95,24,SFO,HKG,ASIA,10
58,10,IAH,MIA,Sun,8
71,27,IAH,SIN,ASIA,6
98,13,IAH,CVG,EURO,10
12,26,SFO,TPE,ASIA,11
10,30,DEN,GIG,LAT,10
84,21,EWR,NRT,ASIA,11
62,21,ORD,NRT,ASIA,6
23,31,SFO,BOG,LAT,6
92,32,IAH,SCL,LAT,10
39,33,ORD,TGU,LAT,4
95,24,IAD,HKG,ASIA,10
77,3,IAH,SFO,West,1
42,12,IAD,LHR,EURO,5
27,8,SFO,MCO,Sun,5
68,4,IAD,IAH,Sun,6
1,24,ORD,HKG,ASIA,6
48,5,EWR,DEN,Snow,2
79,26,DEN,TPE,ASIA,5
7,16,LAX,BRU,EURO,14
27,3,IAD,SFO,West,3
41,8,LAX,MCO,Sun,4
19,2,IAH,LAX,Sun,11
81,16,SFO,BRU,EURO,9
27,27,EWR,SIN,ASIA,5
19,13,DEN,CVG,EURO,11
18,33,SFO,TGU,LAT,12
45,5,DEN,DEN,Snow,3
63,9,DEN,TPA,Sun,6
5,8,IAD,MCO,Sun,6
5,34,DEN,MEX,LAT,7
76,9,ORD,TPA,Sun,5
60,30,IAD,GIG,LAT,7
9,20,ORD,ICN,ASIA,6
13,28,IAH,EZE,LAT,5
48,20,SFO,ICN,ASIA,6
67,25,IAH,PEK,ASIA,6
74,5,EWR,DEN,Snow,2
34,17,IAH,MUC,EURO,5
17,24,IAD,HKG,ASIA,7
52,18,ORD,FRA,EURO,8
96,32,EWR,SCL,LAT,6
15,31,IAH,BOG,LAT,6
72,3,IAH,SFO,West,2
62,32,DEN,SCL,LAT,13
14,4,ORD,IAH,Sun,9
85,11,SFO,RSW,Sun,3
71,30,DEN,GIG,LAT,7
2,19,LAX,BHM,EURO,4
44,33,EWR,TGU,LAT,6
20,32,DEN,SCL,LAT,4
5,28,IAD,EZE,LAT,7
4,34,IAD,MEX,LAT,12
85,11,ORD,RSW,Sun,3
3,15,IAH,DUB,EURO,9
9,28,ORD,EZE,LAT,10
2,5,IAD,DEN,Snow,1
53,18,DEN,FRA,EURO,9
96,23,IAD,PVG,ASIA,7
33,26,EWR,TPE,ASIA,5
43,12,EWR,LHR,EURO,6
57,16,ORD,BRU,EURO,7
25,10,SFO,MIA,Sun,4
59,7,LAX,EWR,East,3
9,28,EWR,EZE,LAT,10
23,17,DEN,MUC,EURO,9
75,3,LAX,SFO,West,2
95,26,IAH,TPE,ASIA,10
55,1,DEN,ORD,Midwest,4
94,4,ORD,IAH,Sun,7
30,14,EWR,AMS,EURO,9
32,7,DEN,EWR,East,2
97,6,IAD,IAD,East,3
96,17,ORD,MUC,EURO,5
1,18,SFO,FRA,EURO,8
52,8,EWR,MCO,Sun,3
15,31,LAX,BOG,LAT,6
18,11,DEN,RSW,Sun,6
35,22,IAD,KIX,ASIA,11
54,5,DEN,DEN,Snow,2
53,4,ORD,IAH,Sun,7
7,9,LAX,TPA,Sun,8
14,33,LAX,TGU,LAT,8
87,2,IAH,LAX,Sun,3
88,27,LAX,SIN,ASIA,8
95,8,SFO,MCO,Sun,4
14,19,LAX,BHM,EURO,13
45,3,ORD,SFO,West,3
78,1,IAD,ORD,Midwest,3
88,34,IAH,MEX,LAT,5
67,29,ORD,GRU,LAT,8
38,33,DEN,TGU,LAT,4
40,17,SFO,MUC,EURO,16
49,3,SFO,SFO,West,2
91,14,SFO,AMS,EURO,8
18,17,DEN,MUC,EURO,5
71,28,EWR,EZE,LAT,7
3,22,LAX,KIX,ASIA,3
24,1,LAX,ORD,Midwest,3
6,33,SFO,TGU,LAT,6
80,26,LAX,TPE,ASIA,10
86,29,EWR,GRU,LAT,4
54,22,DEN,KIX,ASIA,11
14,15,ORD,DUB,EURO,13
40,20,EWR,ICN,ASIA,8
18,30,DEN,GIG,LAT,12
93,19,ORD,BHM,EURO,6
40,17,ORD,MUC,EURO,16
18,7,IAH,EWR,East,4
70,7,IAD,EWR,East,3
85,23,IAD,PVG,ASIA,7
31,20,EWR,ICN,ASIA,6
37,24,EWR,HKG,ASIA,9
91,23,SFO,PVG,ASIA,6
48,12,IAD,LHR,EURO,10
6,21,DEN,NRT,ASIA,13
35,24,ORD,HKG,ASIA,11
35,4,LAX,IAH,Sun,4
14,11,ORD,RSW,Sun,9
19,27,IAD,SIN,ASIA,8
33,13,IAD,CVG,EURO,6
90,5,LAX,DEN,Snow,2
41,19,DEN,BHM,EURO,6
2,30,EWR,GIG,LAT,14
86,3,IAH,SFO,West,2
43,21,EWR,NRT,ASIA,5
50,22,DEN,KIX,ASIA,9
46,22,ORD,KIX,ASIA,9
82,23,LAX,PVG,ASIA,10
41,13,ORD,CVG,EURO,6
93,19,DEN,BHM,EURO,6
87,29,DEN,GRU,LAT,12
83,21,DEN,NRT,ASIA,6
80,27,DEN,SIN,ASIA,10
73,12,EWR,LHR,EURO,8
39,17,DEN,MUC,EURO,10
89,27,IAD,SIN,ASIA,4
32,9,EWR,TPA,Sun,8
